p1,p2,cosine_to_target
UK-383367,AVN-944,0.058856829352527174
AVN-944,UK-383367,0.058856829352527174
AVN-944,actarit,0.05818092831515787
actarit,AVN-944,0.05818092831515787
UK-383367,raloxifene,0.05750918174721349
raloxifene,UK-383367,0.05750918174721349
UK-383367,KW-2478,0.0571173172986671
KW-2478,UK-383367,0.0571173172986671
clomifene,UK-383367,0.05703403234039389
UK-383367,clomifene,0.05703403234039389
flutamide,raloxifene,0.05608999074038946
raloxifene,flutamide,0.05608999074038946
UK-383367,toremifene,0.05589827137577333
toremifene,UK-383367,0.05589827137577333
flutamide,KW-2478,0.05553340865529208
KW-2478,flutamide,0.05553340865529208
flutamide,AVN-944,0.05530217746232828
AVN-944,flutamide,0.05530217746232828
UK-383367,barasertib,0.055130993920133584
barasertib,UK-383367,0.055130993920133584
AVN-944,idebenone,0.05500356049877164
idebenone,AVN-944,0.05500356049877164
raloxifene,gemifloxacin,0.05485479716897767
gemifloxacin,raloxifene,0.05485479716897767
flutamide,clomifene,0.05472995338216474
clomifene,flutamide,0.05472995338216474
clomifene,valdecoxib,0.054699195147053695
valdecoxib,clomifene,0.054699195147053695
raloxifene,actarit,0.05469474406186979
actarit,raloxifene,0.05469474406186979
cimetidine,AVN-944,0.054564821611351885
AVN-944,cimetidine,0.054564821611351885
actarit,LY-2874455,0.05439447255189822
LY-2874455,actarit,0.05439447255189822
LY-2874455,UK-383367,0.05415169501064965
UK-383367,LY-2874455,0.05415169501064965
CP-724714,raloxifene,0.054031549472297664
raloxifene,CP-724714,0.054031549472297664
AVN-944,amoxapine,0.05386207389466431
amoxapine,AVN-944,0.05386207389466431
AVN-944,gemifloxacin,0.05385194621428044
gemifloxacin,AVN-944,0.05385194621428044
nefiracetam,AVN-944,0.053840362286423776
AVN-944,nefiracetam,0.053840362286423776
ABT-202,raloxifene,0.05377372208853794
raloxifene,ABT-202,0.05377372208853794
AVN-944,valdecoxib,0.05371375679492717
valdecoxib,AVN-944,0.05371375679492717
AVN-944,CP-724714,0.053440343933455293
CP-724714,AVN-944,0.053440343933455293
CP-724714,clomifene,0.05340062174873336
clomifene,CP-724714,0.053400621748733355
raloxifene,valdecoxib,0.05339290687313051
valdecoxib,raloxifene,0.05339290687313051
AKT-inhibitor-1-2,AVN-944,0.05333904343806504
AVN-944,AKT-inhibitor-1-2,0.05333904343806504
KW-2478,gemifloxacin,0.05331278453227594
gemifloxacin,KW-2478,0.05331278453227594
gemifloxacin,clomifene,0.05313222268061791
clomifene,gemifloxacin,0.05313222268061791
flutamide,barasertib,0.05298112971084319
barasertib,flutamide,0.05298112971084319
enoxolone,AVN-944,0.052929172153662225
AVN-944,enoxolone,0.052929172153662225
idebenone,raloxifene,0.05285525463052553
raloxifene,idebenone,0.05285525463052553
drospirenone,raloxifene,0.052550086919118014
raloxifene,drospirenone,0.052550086919118014
flutamide,toremifene,0.05248610140325784
toremifene,flutamide,0.05248610140325784
amuvatinib,AVN-944,0.052470673260790544
AVN-944,amuvatinib,0.052470673260790544
KW-2449,actarit,0.0523551326474157
actarit,KW-2449,0.0523551326474157
LCL-161,raloxifene,0.05220603921963893
raloxifene,LCL-161,0.05220603921963893
CP-724714,toremifene,0.05213586001593819
toremifene,CP-724714,0.05213586001593819
ABT-202,AVN-944,0.05212244959096834
AVN-944,ABT-202,0.05212244959096834
vincamine,raloxifene,0.05206213274788514
raloxifene,vincamine,0.05206213274788514
UK-383367,ciprofloxacin,0.052043859291455136
ciprofloxacin,UK-383367,0.052043859291455136
diphenylpyraline,raloxifene,0.05203722492042695
raloxifene,diphenylpyraline,0.05203722492042695
LY-2874455,flutamide,0.0520060225177383
flutamide,LY-2874455,0.0520060225177383
barasertib,CP-724714,0.05183040624692376
CP-724714,barasertib,0.05183040624692376
raloxifene,mibampator,0.05182087557086205
mibampator,raloxifene,0.05182087557086205
actarit,clomifene,0.05176743894017535
clomifene,actarit,0.05176743894017535
actarit,KW-2478,0.05161535910161874
KW-2478,actarit,0.05161535910161874
ganetespib,flutamide,0.051560497367084915
flutamide,ganetespib,0.051560497367084915
vincamine,toremifene,0.051556591725953387
toremifene,vincamine,0.051556591725953387
LCL-161,AVN-944,0.051538827244230985
AVN-944,LCL-161,0.051538827244230985
diphenylpyraline,AVN-944,0.051536605445024135
AVN-944,diphenylpyraline,0.051536605445024135
clomifene,AKT-inhibitor-1-2,0.05151461592571838
AKT-inhibitor-1-2,clomifene,0.05151461592571838
senicapoc,AVN-944,0.05149972723988693
AVN-944,senicapoc,0.05149972723988693
AKT-inhibitor-1-2,raloxifene,0.05148076234035881
raloxifene,AKT-inhibitor-1-2,0.05148076234035881
drospirenone,UK-383367,0.051383308666101024
UK-383367,drospirenone,0.051383308666101024
cimetidine,raloxifene,0.05135915205826891
raloxifene,cimetidine,0.05135915205826891
AKT-inhibitor-1-2,barasertib,0.05135078726382783
barasertib,AKT-inhibitor-1-2,0.05135078726382783
gemifloxacin,barasertib,0.05133147530789047
barasertib,gemifloxacin,0.05133147530789047
toremifene,AKT-inhibitor-1-2,0.051324157129599354
AKT-inhibitor-1-2,toremifene,0.051324157129599354
rociletinib,UK-383367,0.05131612657696842
UK-383367,rociletinib,0.05131612657696842
lesinurad,AVN-944,0.05130738945511761
AVN-944,lesinurad,0.05130738945511761
LCL-161,clomifene,0.051282992582505564
clomifene,LCL-161,0.051282992582505564
GSK-1059615,actarit,0.051140765034599946
actarit,GSK-1059615,0.051140765034599946
drospirenone,AVN-944,0.05114024391173353
AVN-944,drospirenone,0.05114024391173353
UK-383367,GSK-1059615,0.051123159455360626
GSK-1059615,UK-383367,0.051123159455360626
raloxifene,enoxolone,0.05108890637855073
enoxolone,raloxifene,0.05108890637855073
drospirenone,barasertib,0.051021849000640454
barasertib,drospirenone,0.051021849000640454
LCL-161,barasertib,0.05089565944599544
barasertib,LCL-161,0.05089565944599544
toremifene,mibampator,0.0508708702691029
mibampator,toremifene,0.0508708702691029
LCL-161,UK-383367,0.05083857213259081
UK-383367,LCL-161,0.05083857213259081
toremifene,LCL-161,0.05083006640542677
LCL-161,toremifene,0.05083006640542677
raloxifene,amoxapine,0.050720881782776235
amoxapine,raloxifene,0.050720881782776235
clomifene,mibampator,0.05065628980567759
mibampator,clomifene,0.05065628980567759
SU-014813,UK-383367,0.05064588645698345
UK-383367,SU-014813,0.05064588645698345
KW-2449,drospirenone,0.050643267241427786
drospirenone,KW-2449,0.050643267241427786
cimetidine,clomifene,0.05049604280711256
clomifene,cimetidine,0.05049604280711256
KW-2449,valdecoxib,0.05043836284863874
valdecoxib,KW-2449,0.05043836284863874
AVN-944,mibampator,0.05043455660204387
mibampator,AVN-944,0.05043455660204387
LCL-161,actarit,0.05036270563242755
actarit,LCL-161,0.05036270563242755
GSK-1059615,drospirenone,0.050303048944999644
drospirenone,GSK-1059615,0.050303048944999644
raloxifene,amuvatinib,0.05027211207440402
amuvatinib,raloxifene,0.05027211207440402
clomifene,idebenone,0.05024437933223217
idebenone,clomifene,0.05024437933223217
raloxifene,lesinurad,0.05018134387440923
lesinurad,raloxifene,0.05018134387440923
rociletinib,flutamide,0.050170127166557305
flutamide,rociletinib,0.050170127166557305
nefiracetam,LCL-161,0.050156186280193436
LCL-161,nefiracetam,0.050156186280193436
flutamide,AMG-232,0.050119065685691876
AMG-232,flutamide,0.050119065685691876
ganetespib,gemifloxacin,0.05011733342948986
gemifloxacin,ganetespib,0.05011733342948986
GSK-1059615,diphenylpyraline,0.05007124298759724
diphenylpyraline,GSK-1059615,0.05007124298759724
mibampator,KW-2478,0.05003017551305113
KW-2478,mibampator,0.05003017551305113
LY-2874455,idebenone,0.05002004136088701
idebenone,LY-2874455,0.05002004136088701
AVN-944,cordycepin,0.05001806614637571
cordycepin,AVN-944,0.05001806614637571
nefiracetam,raloxifene,0.05000544604369004
raloxifene,nefiracetam,0.05000544604369004
tizanidine,raloxifene,0.05000541282126919
raloxifene,tizanidine,0.05000541282126919
gemifloxacin,toremifene,0.04995864113056942
toremifene,gemifloxacin,0.04995864113056942
amuvatinib,clomifene,0.04992022399125627
clomifene,amuvatinib,0.04992022399125627
amuvatinib,toremifene,0.04988717707294768
toremifene,amuvatinib,0.04988717707294768
AMG-232,UK-383367,0.04982686981803699
UK-383367,AMG-232,0.04982686981803699
clomifene,drospirenone,0.04979437534608871
drospirenone,clomifene,0.04979437534608871
raloxifene,cefoperazone,0.04974302524750268
cefoperazone,raloxifene,0.04974302524750268
gemifloxacin,LY-2874455,0.049740983049494675
LY-2874455,gemifloxacin,0.049740983049494675
AVN-944,isoconazole,0.04973597204347693
isoconazole,AVN-944,0.04973597204347693
AVN-944,esculin,0.049715649422221925
esculin,AVN-944,0.049715649422221925
ganetespib,UK-383367,0.04969702951744621
UK-383367,ganetespib,0.04969702951744621
honokiol,UK-383367,0.04968852866743313
UK-383367,honokiol,0.04968852866743313
KW-2449,amoxapine,0.04968649623876365
amoxapine,KW-2449,0.04968649623876365
KW-2449,ciprofloxacin,0.04965957495938714
ciprofloxacin,KW-2449,0.04965957495938714
pritelivir,raloxifene,0.04963002984406517
raloxifene,pritelivir,0.04963002984406517
AKT-inhibitor-1-2,LY-2874455,0.049628839731178695
LY-2874455,AKT-inhibitor-1-2,0.049628839731178695
CP-724714,KW-2478,0.04962138502723667
KW-2478,CP-724714,0.04962138502723667
clomifene,ABT-202,0.04961680337637039
ABT-202,clomifene,0.04961680337637039
flutamide,ciprofloxacin,0.04956658506020285
ciprofloxacin,flutamide,0.04956658506020285
LY-2874455,CP-724714,0.04947523161900908
CP-724714,LY-2874455,0.04947523161900908
raloxifene,senicapoc,0.04945166633364709
senicapoc,raloxifene,0.04945166633364709
barasertib,enoxolone,0.04944238893293687
enoxolone,barasertib,0.04944238893293687
LCL-161,GSK-1059615,0.049398513812482184
GSK-1059615,LCL-161,0.049398513812482184
AMG-232,gemifloxacin,0.04935226878827853
gemifloxacin,AMG-232,0.04935226878827853
KW-2478,idebenone,0.04933274227454245
idebenone,KW-2478,0.04933274227454245
idebenone,GSK-1059615,0.0493207331987923
GSK-1059615,idebenone,0.0493207331987923
LCL-161,drospirenone,0.04932005100254197
drospirenone,LCL-161,0.04932005100254197
SU-014813,LCL-161,0.0493104548509598
LCL-161,SU-014813,0.0493104548509598
SU-014813,actarit,0.049249211430163434
actarit,SU-014813,0.049249211430163434
AKT-inhibitor-1-2,ciprofloxacin,0.04924633738093439
ciprofloxacin,AKT-inhibitor-1-2,0.04924633738093439
AVN-944,pritelivir,0.049228185440097626
pritelivir,AVN-944,0.049228185440097626
GSK-1059615,flutamide,0.04920448038139068
flutamide,GSK-1059615,0.04920448038139068
UK-383367,sirolimus,0.049203401605964335
sirolimus,UK-383367,0.04920340160596433
drospirenone,SU-014813,0.04918897226215869
SU-014813,drospirenone,0.04918897226215869
enoxolone,clomifene,0.04918515647586515
clomifene,enoxolone,0.04918515647586515
vincamine,barasertib,0.04916806283533449
barasertib,vincamine,0.04916806283533449
toremifene,actarit,0.049123041888473065
actarit,toremifene,0.049123041888473065
raloxifene,esculin,0.049116018320938676
esculin,raloxifene,0.049116018320938676
AKT-inhibitor-1-2,LCL-161,0.04908811098822268
LCL-161,AKT-inhibitor-1-2,0.04908811098822268
rociletinib,valdecoxib,0.049086906925347014
valdecoxib,rociletinib,0.049086906925347014
drospirenone,AKT-inhibitor-1-2,0.049076298840460685
AKT-inhibitor-1-2,drospirenone,0.049076298840460685
KW-2449,UK-383367,0.04905800819976518
UK-383367,KW-2449,0.04905800819976518
UK-383367,valdecoxib,0.049051542081049754
valdecoxib,UK-383367,0.049051542081049754
clomifene,amoxapine,0.049016942500922096
amoxapine,clomifene,0.049016942500922096
AVN-944,cefoperazone,0.04901101226553734
cefoperazone,AVN-944,0.04901101226553734
flutamide,SU-014813,0.04898012400098192
SU-014813,flutamide,0.04898012400098192
LY-2874455,LCL-161,0.04897047406906675
LCL-161,LY-2874455,0.04897047406906675
nepafenac,raloxifene,0.04896437892767111
raloxifene,nepafenac,0.04896437892767111
idebenone,barasertib,0.04893373372639757
barasertib,idebenone,0.04893373372639757
KW-2449,nefiracetam,0.04886921725813277
nefiracetam,KW-2449,0.04886921725813277
idebenone,toremifene,0.04886471999266042
toremifene,idebenone,0.04886471999266042
UK-383367,diphenylpyraline,0.04884476724388928
diphenylpyraline,UK-383367,0.04884476724388928
lesinurad,clomifene,0.048815511936056766
clomifene,lesinurad,0.048815511936056766
KW-2449,idebenone,0.048802732953689185
idebenone,KW-2449,0.048802732953689185
raloxifene,honokiol,0.04880250388306027
honokiol,raloxifene,0.04880250388306027
AVN-944,vincamine,0.048800622167263566
vincamine,AVN-944,0.048800622167263566
barasertib,mibampator,0.0487925450405661
mibampator,barasertib,0.0487925450405661
esculin,UK-383367,0.04879228909245953
UK-383367,esculin,0.04879228909245953
UK-383367,nefiracetam,0.0487584934931771
nefiracetam,UK-383367,0.0487584934931771
valdecoxib,LY-2874455,0.048719378464458514
LY-2874455,valdecoxib,0.048719378464458514
barasertib,nefiracetam,0.048713436429628186
nefiracetam,barasertib,0.04871343642962818
amuvatinib,LY-2874455,0.04869387816200978
LY-2874455,amuvatinib,0.04869387816200978
diphenylpyraline,KW-2449,0.0486914490449021
KW-2449,diphenylpyraline,0.0486914490449021
esculin,KW-2449,0.0486866254236933
KW-2449,esculin,0.0486866254236933
isoconazole,raloxifene,0.04867576253784254
raloxifene,isoconazole,0.04867576253784254
LY-2874455,drospirenone,0.048652254919357124
drospirenone,LY-2874455,0.048652254919357124
UK-383367,lesinurad,0.048634541597081866
lesinurad,UK-383367,0.048634541597081866
UK-383367,amoxapine,0.04860743631364192
amoxapine,UK-383367,0.04860743631364192
ciprofloxacin,raloxifene,0.04856717266884893
raloxifene,ciprofloxacin,0.04856717266884893
LY-2874455,nefiracetam,0.04854474806067493
nefiracetam,LY-2874455,0.04854474806067493
flutamide,drospirenone,0.048526459326946825
drospirenone,flutamide,0.048526459326946825
ABT-202,KW-2449,0.048493785599794344
KW-2449,ABT-202,0.048493785599794344
actarit,honokiol,0.04845502519255487
honokiol,actarit,0.04845502519255487
LCL-161,flutamide,0.04845476802780508
flutamide,LCL-161,0.04845476802780508
mizolastine,AVN-944,0.04844782830107026
AVN-944,mizolastine,0.04844782830107026
KW-2449,lesinurad,0.04841946954480483
lesinurad,KW-2449,0.04841946954480483
toremifene,cimetidine,0.048407608288937115
cimetidine,toremifene,0.048407608288937115
amoxapine,LCL-161,0.04838163094968059
LCL-161,amoxapine,0.04838163094968059
ABT-202,barasertib,0.04833593153323662
barasertib,ABT-202,0.04833593153323662
KW-2449,LCL-161,0.04833009644352554
LCL-161,KW-2449,0.04833009644352554
KW-2478,tizanidine,0.04828880471484159
tizanidine,KW-2478,0.04828880471484159
vincamine,amoxapine,0.04828822887937682
amoxapine,vincamine,0.04828822887937682
LY-2874455,cimetidine,0.04827867101010091
cimetidine,LY-2874455,0.04827867101010091
idebenone,LCL-161,0.04826171108080227
LCL-161,idebenone,0.04826171108080227
sirolimus,drospirenone,0.04823436256440899
drospirenone,sirolimus,0.04823436256440899
drospirenone,NVP-TAE684,0.04821925279595693
NVP-TAE684,drospirenone,0.04821925279595693
KW-2478,nefiracetam,0.048210755967917907
nefiracetam,KW-2478,0.048210755967917907
AMG-232,valdecoxib,0.04820115434965817
valdecoxib,AMG-232,0.04820115434965817
GSK-1059615,amoxapine,0.04818687396990567
amoxapine,GSK-1059615,0.04818687396990567
KW-2449,enoxolone,0.048159547814211855
enoxolone,KW-2449,0.048159547814211855
GSK-1059615,nefiracetam,0.04812628812156795
nefiracetam,GSK-1059615,0.04812628812156795
UK-383367,cefoperazone,0.048114043371371235
cefoperazone,UK-383367,0.048114043371371235
clomifene,vincamine,0.04810100528215921
vincamine,clomifene,0.04810100528215921
mizolastine,raloxifene,0.04809948794263152
raloxifene,mizolastine,0.04809948794263152
cordycepin,UK-383367,0.048078057945563094
UK-383367,cordycepin,0.048078057945563094
LY-2874455,enoxolone,0.0480737159576073
enoxolone,LY-2874455,0.0480737159576073
gemifloxacin,rociletinib,0.04805497939381655
rociletinib,gemifloxacin,0.04805497939381655
GSK-1059615,enoxolone,0.04804470325228359
enoxolone,GSK-1059615,0.04804470325228358
SU-014813,AKT-inhibitor-1-2,0.048034087009039494
AKT-inhibitor-1-2,SU-014813,0.048034087009039494
LCL-161,diphenylpyraline,0.04803233399437644
diphenylpyraline,LCL-161,0.04803233399437644
gemifloxacin,SU-014813,0.0480195944046417
SU-014813,gemifloxacin,0.0480195944046417
tizanidine,AVN-944,0.04798867258569117
AVN-944,tizanidine,0.04798867258569117
KW-2449,cimetidine,0.04798608086227199
cimetidine,KW-2449,0.04798608086227199
ciprofloxacin,gemifloxacin,0.04796328221346954
gemifloxacin,ciprofloxacin,0.04796328221346954
actarit,sirolimus,0.04793033582357402
sirolimus,actarit,0.04793033582357402
toremifene,KW-2449,0.047900496639520423
KW-2449,toremifene,0.047900496639520423
AMG-232,actarit,0.047881501731918304
actarit,AMG-232,0.047881501731918304
cimetidine,drospirenone,0.047874658433194106
drospirenone,cimetidine,0.047874658433194106
LY-2874455,diphenylpyraline,0.047872852901791454
diphenylpyraline,LY-2874455,0.047872852901791454
rociletinib,LCL-161,0.04786771107524131
LCL-161,rociletinib,0.04786771107524131
actarit,barasertib,0.04783347002496669
barasertib,actarit,0.04783347002496669
amuvatinib,drospirenone,0.04780847146526176
drospirenone,amuvatinib,0.04780847146526176
KW-2478,AKT-inhibitor-1-2,0.04779396619194865
AKT-inhibitor-1-2,KW-2478,0.04779396619194865
GSK-1059615,amuvatinib,0.04778963164595494
amuvatinib,GSK-1059615,0.04778963164595494
CP-724714,SU-014813,0.04777840947677536
SU-014813,CP-724714,0.04777840947677536
KW-2449,cefoperazone,0.04776569256331732
cefoperazone,KW-2449,0.04776569256331732
AVN-944,SU-014813,0.04775369214883518
SU-014813,AVN-944,0.04775369214883518
pritelivir,KW-2478,0.047737836933535484
KW-2478,pritelivir,0.047737836933535484
gemifloxacin,LCL-161,0.047724258029961567
LCL-161,gemifloxacin,0.047724258029961567
GSK-1059615,gemifloxacin,0.04771056661043122
gemifloxacin,GSK-1059615,0.04771056661043122
amoxapine,mibampator,0.04770083943016634
mibampator,amoxapine,0.04770083943016634
ciprofloxacin,AVN-944,0.04769548120622842
AVN-944,ciprofloxacin,0.04769548120622842
sirolimus,LCL-161,0.0476713216102914
LCL-161,sirolimus,0.0476713216102914
barasertib,mizolastine,0.047653486144075115
mizolastine,barasertib,0.047653486144075115
GSK-1059615,CP-724714,0.04764424578455153
CP-724714,GSK-1059615,0.04764424578455153
valdecoxib,flutamide,0.04763184593982426
flutamide,valdecoxib,0.04763184593982426
lesinurad,flutamide,0.047608626892982016
flutamide,lesinurad,0.047608626892982016
actarit,AKT-inhibitor-1-2,0.04760666769528078
AKT-inhibitor-1-2,actarit,0.047606667695280776
rociletinib,CP-724714,0.04760160457159286
CP-724714,rociletinib,0.04760160457159286
flutamide,sirolimus,0.047576970704839995
sirolimus,flutamide,0.047576970704839995
AKT-inhibitor-1-2,UK-383367,0.04757463791995277
UK-383367,AKT-inhibitor-1-2,0.04757463791995277
flutamide,esculin,0.047558063623184446
esculin,flutamide,0.047558063623184446
esculin,AKT-inhibitor-1-2,0.04752889351551457
AKT-inhibitor-1-2,esculin,0.04752889351551457
cordycepin,LCL-161,0.04751098993277615
LCL-161,cordycepin,0.04751098993277615
flutamide,amoxapine,0.04750457370680618
amoxapine,flutamide,0.04750457370680618
KW-2449,flutamide,0.04750241505634226
flutamide,KW-2449,0.04750241505634226
nefiracetam,clomifene,0.0475004899379354
clomifene,nefiracetam,0.0475004899379354
clomifene,tizanidine,0.047497801661354595
tizanidine,clomifene,0.047497801661354595
nefiracetam,SU-014813,0.047491782067031425
SU-014813,nefiracetam,0.047491782067031425
senicapoc,UK-383367,0.04747317462558612
UK-383367,senicapoc,0.04747317462558612
KW-2478,amuvatinib,0.0474650063557813
amuvatinib,KW-2478,0.0474650063557813
actarit,vincamine,0.047438564837807416
vincamine,actarit,0.047438564837807416
GSK-1059615,cimetidine,0.047436486186937674
cimetidine,GSK-1059615,0.047436486186937674
cimetidine,LCL-161,0.047410416971525135
LCL-161,cimetidine,0.047410416971525135
flutamide,honokiol,0.04739787365639276
honokiol,flutamide,0.04739787365639276
barasertib,amuvatinib,0.04738362982846174
amuvatinib,barasertib,0.04738362982846173
GSK-1059615,lesinurad,0.04737917992734966
lesinurad,GSK-1059615,0.04737917992734966
cefoperazone,LY-2874455,0.04723171657858669
LY-2874455,cefoperazone,0.04723171657858669
UK-383367,actarit,0.0472228095154739
actarit,UK-383367,0.04722280951547389
valdecoxib,LCL-161,0.047221102018885186
LCL-161,valdecoxib,0.047221102018885186
amoxapine,sirolimus,0.0472172670170751
sirolimus,amoxapine,0.0472172670170751
actarit,drospirenone,0.047207578737849365
drospirenone,actarit,0.047207578737849365
toremifene,diphenylpyraline,0.04720224941547641
diphenylpyraline,toremifene,0.04720224941547641
gemifloxacin,drospirenone,0.04720126401259171
drospirenone,gemifloxacin,0.04720126401259171
isoconazole,clomifene,0.047168041038052284
clomifene,isoconazole,0.047168041038052284
valdecoxib,GSK-1059615,0.04716454164183629
GSK-1059615,valdecoxib,0.04716454164183629
toremifene,drospirenone,0.04715224506379281
drospirenone,toremifene,0.04715224506379281
GSK-1059615,cefoperazone,0.04714189504130604
cefoperazone,GSK-1059615,0.04714189504130604
GSK-1059615,AVN-944,0.04712474193363438
AVN-944,GSK-1059615,0.04712474193363438
gemifloxacin,valdecoxib,0.04712324385296352
valdecoxib,gemifloxacin,0.04712324385296352
mizolastine,LCL-161,0.047121546025630824
LCL-161,mizolastine,0.047121546025630824
lesinurad,LY-2874455,0.04710635481405425
LY-2874455,lesinurad,0.04710635481405425
barasertib,lesinurad,0.04708804002345786
lesinurad,barasertib,0.04708804002345786
mibampator,LY-2874455,0.047081158548935485
LY-2874455,mibampator,0.047081158548935485
vincamine,LY-2874455,0.04706736094183499
LY-2874455,vincamine,0.04706736094183499
idebenone,UK-383367,0.047054090691739096
UK-383367,idebenone,0.047054090691739096
amoxapine,AMG-232,0.04705027731041437
AMG-232,amoxapine,0.04705027731041437
KW-2478,vincamine,0.047039993900319425
vincamine,KW-2478,0.047039993900319425
GSK-1059615,raloxifene,0.047033482063354795
raloxifene,GSK-1059615,0.047033482063354795
raloxifene,AVN-944,0.047027212286318835
AVN-944,raloxifene,0.047027212286318835
diphenylpyraline,AKT-inhibitor-1-2,0.04702418730862204
AKT-inhibitor-1-2,diphenylpyraline,0.04702418730862204
diphenylpyraline,clomifene,0.047023310896276364
clomifene,diphenylpyraline,0.047023310896276364
nepafenac,KW-2478,0.047021594561202244
KW-2478,nepafenac,0.047021594561202244
AVN-944,NVP-TAE684,0.04701696508017876
NVP-TAE684,AVN-944,0.04701696508017876
valdecoxib,barasertib,0.0470150276051897
barasertib,valdecoxib,0.0470150276051897
KW-2478,drospirenone,0.04700164213798173
drospirenone,KW-2478,0.04700164213798173
barasertib,pritelivir,0.04699690303471479
pritelivir,barasertib,0.04699690303471479
amuvatinib,LCL-161,0.04699578741107019
LCL-161,amuvatinib,0.04699578741107019
cimetidine,UK-383367,0.046991148245773884
UK-383367,cimetidine,0.046991148245773884
ABT-202,LY-2874455,0.04698833593368892
LY-2874455,ABT-202,0.04698833593368892
AKT-inhibitor-1-2,nefiracetam,0.04691892753182249
nefiracetam,AKT-inhibitor-1-2,0.04691892753182249
toremifene,ABT-202,0.0469070303546122
ABT-202,toremifene,0.0469070303546122
flutamide,diphenylpyraline,0.04688909917180108
diphenylpyraline,flutamide,0.04688909917180108
senicapoc,barasertib,0.04688499946618459
barasertib,senicapoc,0.04688499946618459
CP-724714,drospirenone,0.04685779282390614
drospirenone,CP-724714,0.04685779282390614
gemifloxacin,lesinurad,0.04685085568767467
lesinurad,gemifloxacin,0.04685085568767467
AKT-inhibitor-1-2,KW-2449,0.04684862799686229
KW-2449,AKT-inhibitor-1-2,0.04684862799686229
cefoperazone,LCL-161,0.04684272883156063
LCL-161,cefoperazone,0.04684272883156063
LCL-161,ciprofloxacin,0.04680789621629814
ciprofloxacin,LCL-161,0.04680789621629814
pritelivir,toremifene,0.046796525180435054
toremifene,pritelivir,0.046796525180435054
ganetespib,actarit,0.046776516278995865
actarit,ganetespib,0.046776516278995865
drospirenone,senicapoc,0.046766154551973096
senicapoc,drospirenone,0.046766154551973096
raloxifene,KW-2449,0.04676036661975684
KW-2449,raloxifene,0.04676036661975684
AVN-944,nepafenac,0.04675605358400051
nepafenac,AVN-944,0.04675605358400051
flutamide,cordycepin,0.046724922604652455
cordycepin,flutamide,0.046724922604652455
LY-2874455,raloxifene,0.04672256675615995
raloxifene,LY-2874455,0.04672256675615995
cimetidine,AKT-inhibitor-1-2,0.04671837766707315
AKT-inhibitor-1-2,cimetidine,0.04671837766707315
AKT-inhibitor-1-2,valdecoxib,0.046715405829526976
valdecoxib,AKT-inhibitor-1-2,0.046715405829526976
KW-2449,honokiol,0.04671487371751083
honokiol,KW-2449,0.04671487371751083
AKT-inhibitor-1-2,idebenone,0.04668818336496265
idebenone,AKT-inhibitor-1-2,0.04668818336496265
cordycepin,raloxifene,0.04668283814946817
raloxifene,cordycepin,0.04668283814946817
amuvatinib,ciprofloxacin,0.04668223477190872
ciprofloxacin,amuvatinib,0.04668223477190872
AVN-944,toremifene,0.04667641392885136
toremifene,AVN-944,0.04667641392885136
valdecoxib,mibampator,0.04667629281014403
mibampator,valdecoxib,0.04667629281014403
honokiol,AKT-inhibitor-1-2,0.046665726104785685
AKT-inhibitor-1-2,honokiol,0.046665726104785685
actarit,flutamide,0.04665400737984141
flutamide,actarit,0.04665400737984141
nepafenac,clomifene,0.046641435948088714
clomifene,nepafenac,0.046641435948088714
LCL-161,CP-724714,0.0466328415827946
CP-724714,LCL-161,0.0466328415827946
sirolimus,gemifloxacin,0.046602256154685724
gemifloxacin,sirolimus,0.046602256154685724
amoxapine,LY-2874455,0.04660040575047263
LY-2874455,amoxapine,0.04660040575047263
barasertib,diphenylpyraline,0.04657354649935079
diphenylpyraline,barasertib,0.04657354649935079
cefoperazone,AKT-inhibitor-1-2,0.04657156843624641
AKT-inhibitor-1-2,cefoperazone,0.04657156843624641
pritelivir,clomifene,0.04656932499711202
clomifene,pritelivir,0.04656932499711202
mizolastine,UK-383367,0.04656331626823731
UK-383367,mizolastine,0.04656331626823731
AVN-944,KW-2449,0.04655879131314391
KW-2449,AVN-944,0.04655879131314391
KW-2449,CP-724714,0.04655457805645749
CP-724714,KW-2449,0.04655457805645749
ciprofloxacin,clomifene,0.046554140526629345
clomifene,ciprofloxacin,0.046554140526629345
senicapoc,flutamide,0.046529328371836626
flutamide,senicapoc,0.046529328371836626
UK-383367,enoxolone,0.046485321864406515
enoxolone,UK-383367,0.046485321864406515
cefoperazone,flutamide,0.04647550982160813
flutamide,cefoperazone,0.04647550982160813
drospirenone,idebenone,0.04642108491209825
idebenone,drospirenone,0.04642108491209825
barasertib,isoconazole,0.04639659398111404
isoconazole,barasertib,0.04639659398111403
sirolimus,valdecoxib,0.046394575025357494
valdecoxib,sirolimus,0.046394575025357494
NVP-TAE684,actarit,0.04636914304290771
actarit,NVP-TAE684,0.04636914304290771
senicapoc,AKT-inhibitor-1-2,0.04634901978870021
AKT-inhibitor-1-2,senicapoc,0.04634901978870021
diphenylpyraline,drospirenone,0.04634435869324484
drospirenone,diphenylpyraline,0.04634435869324484
idebenone,rociletinib,0.04630728478258014
rociletinib,idebenone,0.04630728478258014
GSK-1059615,ABT-202,0.04630106101237941
ABT-202,GSK-1059615,0.04630106101237941
KW-2478,cimetidine,0.04629968725105949
cimetidine,KW-2478,0.04629968725105949
LY-2874455,senicapoc,0.046293346933305356
senicapoc,LY-2874455,0.046293346933305356
gemifloxacin,amoxapine,0.04626652170389225
amoxapine,gemifloxacin,0.04626652170389225
toremifene,enoxolone,0.04626287364864114
enoxolone,toremifene,0.04626287364864114
MK-2206,actarit,0.04625497496465156
actarit,MK-2206,0.04625497496465156
gemifloxacin,honokiol,0.046249682161492216
honokiol,gemifloxacin,0.046249682161492216
KW-2449,cordycepin,0.04624908851828645
cordycepin,KW-2449,0.04624908851828645
GSK-1059615,toremifene,0.04624804015342193
toremifene,GSK-1059615,0.04624804015342193
idebenone,SU-014813,0.04623974400312023
SU-014813,idebenone,0.046239744003120226
nefiracetam,flutamide,0.046237072573576524
flutamide,nefiracetam,0.046237072573576524
esculin,LCL-161,0.0462337456486007
LCL-161,esculin,0.0462337456486007
sirolimus,raloxifene,0.04621160450322115
raloxifene,sirolimus,0.04621160450322115
GSK-1059615,ciprofloxacin,0.04621065589369868
ciprofloxacin,GSK-1059615,0.04621065589369867
actarit,mibampator,0.046197322088927274
mibampator,actarit,0.046197322088927274
lesinurad,AKT-inhibitor-1-2,0.04618573971943882
AKT-inhibitor-1-2,lesinurad,0.04618573971943882
AKT-inhibitor-1-2,rociletinib,0.04612899769550364
rociletinib,AKT-inhibitor-1-2,0.04612899769550363
mizolastine,AKT-inhibitor-1-2,0.04612055192149214
AKT-inhibitor-1-2,mizolastine,0.04612055192149214
isoconazole,toremifene,0.04612040018343218
toremifene,isoconazole,0.04612040018343218
AKT-inhibitor-1-2,GSK-1059615,0.046115189307545074
GSK-1059615,AKT-inhibitor-1-2,0.046115189307545074
mibampator,ciprofloxacin,0.04611108594487035
ciprofloxacin,mibampator,0.04611108594487035
esculin,gemifloxacin,0.04610238541869419
gemifloxacin,esculin,0.04610238541869419
drospirenone,nefiracetam,0.04607918455248042
nefiracetam,drospirenone,0.04607918455248042
gemifloxacin,KW-2449,0.046073905723776176
KW-2449,gemifloxacin,0.046073905723776176
vincamine,UK-383367,0.04606490875121488
UK-383367,vincamine,0.04606490875121488
clomifene,senicapoc,0.04606213176078597
senicapoc,clomifene,0.04606213176078597
flutamide,AKT-inhibitor-1-2,0.046056360197997345
AKT-inhibitor-1-2,flutamide,0.046056360197997345
esculin,LY-2874455,0.04605085346716049
LY-2874455,esculin,0.04605085346716049
cordycepin,AKT-inhibitor-1-2,0.04605001787823584
AKT-inhibitor-1-2,cordycepin,0.04605001787823584
drospirenone,cefoperazone,0.04604549628210853
cefoperazone,drospirenone,0.04604549628210853
AKT-inhibitor-1-2,amoxapine,0.04602744489906032
amoxapine,AKT-inhibitor-1-2,0.04602744489906032
vincamine,drospirenone,0.046020679413684824
drospirenone,vincamine,0.046020679413684824
vincamine,rociletinib,0.04600636411209889
rociletinib,vincamine,0.04600636411209889
gemifloxacin,diphenylpyraline,0.04600595428808138
diphenylpyraline,gemifloxacin,0.04600595428808138
honokiol,idebenone,0.04600101950190025
idebenone,honokiol,0.04600101950190025
enoxolone,LCL-161,0.04599595334828593
LCL-161,enoxolone,0.04599595334828593
flutamide,idebenone,0.045990337985357954
idebenone,flutamide,0.045990337985357954
barasertib,honokiol,0.04598656788209667
honokiol,barasertib,0.04598656788209667
esculin,GSK-1059615,0.04598322302457625
GSK-1059615,esculin,0.04598322302457625
tizanidine,barasertib,0.045964294182869174
barasertib,tizanidine,0.045964294182869174
gemifloxacin,actarit,0.04594876767883855
actarit,gemifloxacin,0.04594876767883854
LCL-161,senicapoc,0.04594527730823811
senicapoc,LCL-161,0.04594527730823811
cefoperazone,clomifene,0.04592670347498654
clomifene,cefoperazone,0.04592670347498654
mizolastine,KW-2449,0.04592488269609808
KW-2449,mizolastine,0.04592488269609808
actarit,GDC-0941,0.04592397440517067
GDC-0941,actarit,0.04592397440517067
AMG-232,drospirenone,0.045914719035671916
drospirenone,AMG-232,0.045914719035671916
flutamide,enoxolone,0.04588416893148243
enoxolone,flutamide,0.04588416893148243
valdecoxib,NVP-TAE684,0.04586880931502501
NVP-TAE684,valdecoxib,0.04586880931502501
cordycepin,GSK-1059615,0.04586209833202665
GSK-1059615,cordycepin,0.04586209833202665
drospirenone,pritelivir,0.045852389290185105
pritelivir,drospirenone,0.045852389290185105
gemifloxacin,nefiracetam,0.045837868689084856
nefiracetam,gemifloxacin,0.045837868689084856
mizolastine,flutamide,0.045818993287633863
flutamide,mizolastine,0.045818993287633863
actarit,rociletinib,0.04579888900346588
rociletinib,actarit,0.04579888900346588
ABT-202,LCL-161,0.04578392181335261
LCL-161,ABT-202,0.04578392181335261
AVN-944,honokiol,0.04577252945679235
honokiol,AVN-944,0.04577252945679235
rociletinib,drospirenone,0.045759258517344824
drospirenone,rociletinib,0.045759258517344824
KW-2478,LCL-161,0.04575635636251465
LCL-161,KW-2478,0.04575635636251465
flutamide,cimetidine,0.04574949800665675
cimetidine,flutamide,0.04574949800665675
NVP-AEW541,AVN-944,0.0457221800639525
AVN-944,NVP-AEW541,0.0457221800639525
vincamine,valdecoxib,0.045714158162725484
valdecoxib,vincamine,0.045714158162725484
cordycepin,gemifloxacin,0.045713438258223694
gemifloxacin,cordycepin,0.045713438258223694
KW-2478,ABT-202,0.045708941734509435
ABT-202,KW-2478,0.045708941734509435
mibampator,ganetespib,0.045687927192741555
ganetespib,mibampator,0.045687927192741555
valdecoxib,GDC-0941,0.04566731286152496
GDC-0941,valdecoxib,0.04566731286152496
GDC-0941,drospirenone,0.04565073657775046
drospirenone,GDC-0941,0.04565073657775046
CP-724714,nefiracetam,0.04564597740854608
nefiracetam,CP-724714,0.04564597740854608
mibampator,drospirenone,0.04564229933968893
drospirenone,mibampator,0.04564229933968893
senicapoc,gemifloxacin,0.04562331638059853
gemifloxacin,senicapoc,0.04562331638059853
GDC-0941,ciprofloxacin,0.0456044703029242
ciprofloxacin,GDC-0941,0.0456044703029242
diphenylpyraline,sirolimus,0.04559728451344691
sirolimus,diphenylpyraline,0.04559728451344691
idebenone,sirolimus,0.04559082558434996
sirolimus,idebenone,0.04559082558434996
UK-383367,amuvatinib,0.045578917574483235
amuvatinib,UK-383367,0.045578917574483235
sirolimus,lesinurad,0.04557540058455883
lesinurad,sirolimus,0.04557540058455883
amoxapine,NVP-AEW541,0.04556986750918293
NVP-AEW541,amoxapine,0.04556986750918293
ganetespib,tizanidine,0.04556696657085142
tizanidine,ganetespib,0.04556696657085142
MK-2206,amoxapine,0.045541998639576885
amoxapine,MK-2206,0.045541998639576885
honokiol,amuvatinib,0.04552224782221135
amuvatinib,honokiol,0.04552224782221135
raloxifene,NVP-TAE684,0.04551546884186068
NVP-TAE684,raloxifene,0.04551546884186068
clomifene,KW-2449,0.04551273525004953
KW-2449,clomifene,0.04551273525004953
gemifloxacin,cimetidine,0.045499360418011
cimetidine,gemifloxacin,0.045499360418011
ABT-202,UK-383367,0.045493076235174235
UK-383367,ABT-202,0.045493076235174235
ciprofloxacin,NVP-AEW541,0.045484695797498705
NVP-AEW541,ciprofloxacin,0.045484695797498705
LCL-161,NVP-TAE684,0.04548447356488822
NVP-TAE684,LCL-161,0.04548447356488822
cimetidine,honokiol,0.04547862181560063
honokiol,cimetidine,0.04547862181560063
rociletinib,nefiracetam,0.04544696359156285
nefiracetam,rociletinib,0.04544696359156285
valdecoxib,amuvatinib,0.045435032958064565
amuvatinib,valdecoxib,0.045435032958064565
LY-2874455,mizolastine,0.045422971897576686
mizolastine,LY-2874455,0.045422971897576686
actarit,NVP-AEW541,0.04541484630509654
NVP-AEW541,actarit,0.04541484630509654
SU-014813,raloxifene,0.04540405744218733
raloxifene,SU-014813,0.04540405744218733
actarit,CP-724714,0.04538039151259138
CP-724714,actarit,0.04538039151259138
gemifloxacin,vincamine,0.04537284567023311
vincamine,gemifloxacin,0.04537284567023311
raloxifene,MK-2206,0.045359297669566104
MK-2206,raloxifene,0.045359297669566104
valdecoxib,pritelivir,0.045353009495418845
pritelivir,valdecoxib,0.045353009495418845
drospirenone,esculin,0.0453481329882978
esculin,drospirenone,0.0453481329882978
senicapoc,KW-2449,0.045346855954497924
KW-2449,senicapoc,0.045346855954497924
toremifene,nefiracetam,0.04532789961013967
nefiracetam,toremifene,0.04532789961013967
valdecoxib,toremifene,0.04531521332830367
toremifene,valdecoxib,0.04531521332830367
ganetespib,valdecoxib,0.0453136387854671
valdecoxib,ganetespib,0.0453136387854671
gemifloxacin,AKT-inhibitor-1-2,0.04528353568773761
AKT-inhibitor-1-2,gemifloxacin,0.04528353568773761
tizanidine,toremifene,0.045259564725763604
toremifene,tizanidine,0.0452595647257636
SU-014813,cefoperazone,0.04525848912018768
cefoperazone,SU-014813,0.04525848912018768
cefoperazone,barasertib,0.04525508342772952
barasertib,cefoperazone,0.04525508342772952
rociletinib,cimetidine,0.045243494209810574
cimetidine,rociletinib,0.045243494209810574
enoxolone,sirolimus,0.04523582440970747
sirolimus,enoxolone,0.04523582440970747
rociletinib,mibampator,0.0452346920965478
mibampator,rociletinib,0.0452346920965478
NVP-TAE684,ciprofloxacin,0.04523106926651116
ciprofloxacin,NVP-TAE684,0.04523106926651116
AKT-inhibitor-1-2,enoxolone,0.04523006415958966
enoxolone,AKT-inhibitor-1-2,0.04523006415958966
actarit,enoxolone,0.04522621022296915
enoxolone,actarit,0.04522621022296915
cimetidine,barasertib,0.04522514187364898
barasertib,cimetidine,0.04522514187364898
GSK-1059615,mizolastine,0.04521589050870515
mizolastine,GSK-1059615,0.04521589050870515
drospirenone,honokiol,0.04520215183548283
honokiol,drospirenone,0.04520215183548283
KW-2478,cefoperazone,0.04519492670583481
cefoperazone,KW-2478,0.04519492670583481
gemifloxacin,cefoperazone,0.04517735307488099
cefoperazone,gemifloxacin,0.04517735307488099
amuvatinib,KW-2449,0.045172149256671484
KW-2449,amuvatinib,0.045172149256671484
drospirenone,MK-2206,0.04516584450279825
MK-2206,drospirenone,0.04516584450279825
AMG-232,cimetidine,0.045163596584343886
cimetidine,AMG-232,0.045163596584343886
AMG-232,idebenone,0.04515810960190493
idebenone,AMG-232,0.04515810960190493
valdecoxib,drospirenone,0.04514688068976306
drospirenone,valdecoxib,0.04514688068976306
NVP-TAE684,toremifene,0.04514075867942823
toremifene,NVP-TAE684,0.04514075867942823
AMG-232,ABT-202,0.04512080526753255
ABT-202,AMG-232,0.04512080526753255
AMG-232,nefiracetam,0.04510179646927772
nefiracetam,AMG-232,0.04510179646927772
SU-014813,enoxolone,0.045088733205127435
enoxolone,SU-014813,0.045088733205127435
enoxolone,gemifloxacin,0.04508717254346258
gemifloxacin,enoxolone,0.045087172543462575
UK-383367,NVP-TAE684,0.045080038340900276
NVP-TAE684,UK-383367,0.045080038340900276
toremifene,sirolimus,0.04507021728051937
sirolimus,toremifene,0.04507021728051937
KW-2478,valdecoxib,0.04505828407431666
valdecoxib,KW-2478,0.04505828407431666
AKT-inhibitor-1-2,sirolimus,0.045055068461558684
sirolimus,AKT-inhibitor-1-2,0.045055068461558684
rociletinib,ABT-202,0.04504745934863272
ABT-202,rociletinib,0.04504745934863272
AKT-inhibitor-1-2,amuvatinib,0.045045517042637866
amuvatinib,AKT-inhibitor-1-2,0.045045517042637866
ganetespib,nepafenac,0.045038949718341416
nepafenac,ganetespib,0.045038949718341416
mizolastine,amuvatinib,0.045016849167900344
amuvatinib,mizolastine,0.045016849167900344
NVP-AEW541,raloxifene,0.04501674747263034
raloxifene,NVP-AEW541,0.04501674747263034
GSK-1059615,clomifene,0.045001819496021625
clomifene,GSK-1059615,0.04500181949602161
GDC-0941,LCL-161,0.04500176956860219
LCL-161,GDC-0941,0.04500176956860219
enoxolone,drospirenone,0.044999451923232375
drospirenone,enoxolone,0.044999451923232375
vincamine,flutamide,0.04499726517950304
flutamide,vincamine,0.04499726517950304
tozasertib,drospirenone,0.044992237096145284
drospirenone,tozasertib,0.044992237096145284
LCL-161,lesinurad,0.044988370915273974
lesinurad,LCL-161,0.044988370915273974
barasertib,GSK-1059615,0.0449838831252353
GSK-1059615,barasertib,0.0449838831252353
CP-724714,esculin,0.044982297155867955
esculin,CP-724714,0.044982297155867955
CP-724714,ciprofloxacin,0.0449801048585696
ciprofloxacin,CP-724714,0.0449801048585696
gemifloxacin,idebenone,0.04497655846139863
idebenone,gemifloxacin,0.04497655846139863
GSK-1059615,senicapoc,0.0449485661337202
senicapoc,GSK-1059615,0.0449485661337202
gemifloxacin,mizolastine,0.044937141959504955
mizolastine,gemifloxacin,0.044937141959504955
NVP-AEW541,drospirenone,0.04492953244316303
drospirenone,NVP-AEW541,0.04492953244316303
SU-014813,GSK-1059615,0.04491185367213682
GSK-1059615,SU-014813,0.04491185367213682
LY-2874455,AVN-944,0.044890466286245954
AVN-944,LY-2874455,0.044890466286245954
drospirenone,ciprofloxacin,0.044882578278031986
ciprofloxacin,drospirenone,0.044882578278031986
diphenylpyraline,CP-724714,0.04488203322095873
CP-724714,diphenylpyraline,0.044882033220958725
sirolimus,nefiracetam,0.04487067860252572
nefiracetam,sirolimus,0.04487067860252572
ABT-202,SU-014813,0.04486308633530356
SU-014813,ABT-202,0.04486308633530356
MK-2206,valdecoxib,0.04485984570540503
valdecoxib,MK-2206,0.04485984570540503
flutamide,NVP-TAE684,0.04485080626836912
NVP-TAE684,flutamide,0.04485080626836912
sirolimus,AVN-944,0.04484602767422733
AVN-944,sirolimus,0.04484602767422733
barasertib,AVN-944,0.044842818861807965
AVN-944,barasertib,0.04484281886180796
mizolastine,toremifene,0.04483765957439638
toremifene,mizolastine,0.04483765957439638
flutamide,amuvatinib,0.044813382956655455
amuvatinib,flutamide,0.044813382956655455
amoxapine,pritelivir,0.044812303107359265
pritelivir,amoxapine,0.044812303107359265
barasertib,amoxapine,0.04480863980228022
amoxapine,barasertib,0.04480863980228022
honokiol,nefiracetam,0.04479072490720783
nefiracetam,honokiol,0.04479072490720783
vincamine,KW-2449,0.044774224575019846
KW-2449,vincamine,0.044774224575019846
enoxolone,KW-2478,0.04477140885555981
KW-2478,enoxolone,0.04477140885555981
CP-724714,amoxapine,0.0447640922671937
amoxapine,CP-724714,0.0447640922671937
KW-2478,isoconazole,0.04476098627744317
isoconazole,KW-2478,0.04476098627744317
cordycepin,LY-2874455,0.04474415557939425
LY-2874455,cordycepin,0.04474415557939425
mibampator,GSK-1059615,0.04473711078100785
GSK-1059615,mibampator,0.04473711078100785
AVN-944,clomifene,0.04473681724015926
clomifene,AVN-944,0.04473681724015926
nepafenac,barasertib,0.04473061629211969
barasertib,nepafenac,0.04473061629211969
amuvatinib,SU-014813,0.04471882219243879
SU-014813,amuvatinib,0.04471882219243879
cefoperazone,amuvatinib,0.044711644414406206
amuvatinib,cefoperazone,0.044711644414406206
NVP-AEW541,toremifene,0.04470174848774818
toremifene,NVP-AEW541,0.04470174848774818
mizolastine,KW-2478,0.044698353483355754
KW-2478,mizolastine,0.044698353483355754
GDC-0941,amoxapine,0.04469605017286013
amoxapine,GDC-0941,0.04469605017286013
flutamide,UK-383367,0.04468817474014736
UK-383367,flutamide,0.04468817474014734
MK-2206,UK-383367,0.044686247961540713
UK-383367,MK-2206,0.044686247961540713
isoconazole,drospirenone,0.044683017523487405
drospirenone,isoconazole,0.044683017523487405
rociletinib,amuvatinib,0.04467468555159689
amuvatinib,rociletinib,0.04467468555159689
LY-2874455,isoconazole,0.04466948010970507
isoconazole,LY-2874455,0.04466948010970507
AMG-232,tizanidine,0.044668383584092024
tizanidine,AMG-232,0.044668383584092024
vincamine,nefiracetam,0.04464759289252561
nefiracetam,vincamine,0.04464759289252561
tizanidine,LY-2874455,0.044637611146030175
LY-2874455,tizanidine,0.044637611146030175
diphenylpyraline,SU-014813,0.04462908371046442
SU-014813,diphenylpyraline,0.044629083710464416
rociletinib,enoxolone,0.044609832616535165
enoxolone,rociletinib,0.044609832616535165
mibampator,AMG-232,0.0445985420254904
AMG-232,mibampator,0.0445985420254904
AVN-944,ganetespib,0.044586937223098276
ganetespib,AVN-944,0.044586937223098276
UK-383367,isoconazole,0.044584083961312776
isoconazole,UK-383367,0.04458408396131277
mibampator,lesinurad,0.04456300402271532
lesinurad,mibampator,0.04456300402271532
UK-383367,CP-724714,0.04455259901679546
CP-724714,UK-383367,0.04455259901679546
CP-724714,sirolimus,0.044535757360327846
sirolimus,CP-724714,0.044535757360327846
nefiracetam,enoxolone,0.044529372930639
enoxolone,nefiracetam,0.044529372930639
LCL-161,ganetespib,0.04452548296315713
ganetespib,LCL-161,0.04452548296315713
mizolastine,valdecoxib,0.04452506892671199
valdecoxib,mizolastine,0.04452506892671199
SU-014813,valdecoxib,0.044523803168349085
valdecoxib,SU-014813,0.04452380316834907
amuvatinib,gemifloxacin,0.044514056751246846
gemifloxacin,amuvatinib,0.044514056751246846
gemifloxacin,UK-383367,0.044511352975511814
UK-383367,gemifloxacin,0.044511352975511814
lesinurad,rociletinib,0.04450911217198905
rociletinib,lesinurad,0.04450911217198905
AVN-944,GDC-0941,0.04449854421659817
GDC-0941,AVN-944,0.04449854421659817
lesinurad,drospirenone,0.04448850274530156
drospirenone,lesinurad,0.04448850274530156
amoxapine,NVP-TAE684,0.044483109831150724
NVP-TAE684,amoxapine,0.044483109831150724
LCL-161,mibampator,0.04448227693378222
mibampator,LCL-161,0.04448227693378222
MK-2206,flutamide,0.044479158967956046
flutamide,MK-2206,0.044479158967956046
AMG-232,LCL-161,0.04447215900584144
LCL-161,AMG-232,0.04447215900584144
AVN-944,KW-2478,0.04445601192088557
KW-2478,AVN-944,0.04445601192088557
NVP-AEW541,barasertib,0.04443656300927444
barasertib,NVP-AEW541,0.04443656300927444
AMG-232,CP-724714,0.044432991649696885
CP-724714,AMG-232,0.044432991649696885
KW-2478,diphenylpyraline,0.04442786389979316
diphenylpyraline,KW-2478,0.04442786389979316
amuvatinib,senicapoc,0.04442486018998319
senicapoc,amuvatinib,0.04442486018998319
nefiracetam,mibampator,0.044420046549614185
mibampator,nefiracetam,0.044420046549614185
clomifene,esculin,0.044417883784272964
esculin,clomifene,0.044417883784272964
AMG-232,AKT-inhibitor-1-2,0.044414577934956345
AKT-inhibitor-1-2,AMG-232,0.044414577934956345
LCL-161,honokiol,0.04440931779691751
honokiol,LCL-161,0.04440931779691751
KW-2449,barasertib,0.044409026430919846
barasertib,KW-2449,0.044409026430919846
CP-724714,senicapoc,0.04439510387033756
senicapoc,CP-724714,0.04439510387033755
ABT-202,AKT-inhibitor-1-2,0.04439446754332091
AKT-inhibitor-1-2,ABT-202,0.04439446754332091
lesinurad,actarit,0.04439061966683031
actarit,lesinurad,0.04439061966683031
LY-2874455,pritelivir,0.044346198844522546
pritelivir,LY-2874455,0.044346198844522546
nepafenac,toremifene,0.0443447693983635
toremifene,nepafenac,0.0443447693983635
senicapoc,sirolimus,0.04434404638175286
sirolimus,senicapoc,0.04434404638175286
vincamine,GSK-1059615,0.04432750636328261
GSK-1059615,vincamine,0.04432750636328261
ABT-202,flutamide,0.04432251090336372
flutamide,ABT-202,0.04432251090336371
flutamide,isoconazole,0.04431732717072996
isoconazole,flutamide,0.044317327170729955
GDC-0941,UK-383367,0.044302790373733976
UK-383367,GDC-0941,0.044302790373733976
actarit,cordycepin,0.04428441508810841
cordycepin,actarit,0.04428441508810841
NVP-AEW541,valdecoxib,0.04428254523955005
valdecoxib,NVP-AEW541,0.04428254523955005
cefoperazone,toremifene,0.04426389854587889
toremifene,cefoperazone,0.04426389854587889
actarit,pritelivir,0.04424516512689878
pritelivir,actarit,0.04424516512689878
AMG-232,enoxolone,0.044240152597603784
enoxolone,AMG-232,0.04424015259760378
SU-014813,vincamine,0.04423892589869622
vincamine,SU-014813,0.04423892589869622
UK-383367,tozasertib,0.04421821273668221
tozasertib,UK-383367,0.04421821273668221
cimetidine,nefiracetam,0.04420122953801266
nefiracetam,cimetidine,0.04420122953801266
clomifene,honokiol,0.044195062523549156
honokiol,clomifene,0.044195062523549156
clomifene,sirolimus,0.044182576706140564
sirolimus,clomifene,0.04418257670614056
MK-2206,toremifene,0.04417980457090005
toremifene,MK-2206,0.04417980457090005
cordycepin,drospirenone,0.04415323787979886
drospirenone,cordycepin,0.04415323787979886
amuvatinib,diphenylpyraline,0.044153149813902524
diphenylpyraline,amuvatinib,0.044153149813902524
honokiol,valdecoxib,0.04412978877417976
valdecoxib,honokiol,0.04412978877417976
gemifloxacin,ABT-202,0.04412574178974829
ABT-202,gemifloxacin,0.04412574178974829
cordycepin,barasertib,0.04410903889282723
barasertib,cordycepin,0.04410903889282722
diphenylpyraline,honokiol,0.04410858700543937
honokiol,diphenylpyraline,0.04410858700543936
amuvatinib,actarit,0.04410764399695292
actarit,amuvatinib,0.04410764399695292
nefiracetam,valdecoxib,0.04410600375758363
valdecoxib,nefiracetam,0.04410600375758363
ganetespib,pritelivir,0.044104843331004076
pritelivir,ganetespib,0.044104843331004076
clomifene,cordycepin,0.04409188798300601
cordycepin,clomifene,0.04409188798300601
mibampator,cefoperazone,0.04408498856098437
cefoperazone,mibampator,0.04408498856098437
amuvatinib,lesinurad,0.044082169998024126
lesinurad,amuvatinib,0.044082169998024126
AMG-232,ciprofloxacin,0.044075726523516774
ciprofloxacin,AMG-232,0.044075726523516774
ganetespib,amoxapine,0.04407557855571478
amoxapine,ganetespib,0.04407557855571478
senicapoc,KW-2478,0.04407553459057687
KW-2478,senicapoc,0.04407553459057687
LY-2874455,toremifene,0.04407097127524314
toremifene,LY-2874455,0.04407097127524314
KW-2449,SU-014813,0.04406209267716682
SU-014813,KW-2449,0.04406209267716682
rociletinib,ciprofloxacin,0.04406007851523109
ciprofloxacin,rociletinib,0.04406007851523109
mibampator,SU-014813,0.044058843788193504
SU-014813,mibampator,0.0440588437881935
lesinurad,AMG-232,0.044052868759276324
AMG-232,lesinurad,0.044052868759276324
cefoperazone,rociletinib,0.044039150960272444
rociletinib,cefoperazone,0.044039150960272444
pritelivir,GSK-1059615,0.04397699882912846
GSK-1059615,pritelivir,0.04397699882912846
ganetespib,cimetidine,0.04397046955145934
cimetidine,ganetespib,0.04397046955145934
ganetespib,CP-724714,0.04396007053071227
CP-724714,ganetespib,0.04396007053071227
GDC-0941,flutamide,0.043957579120985434
flutamide,GDC-0941,0.043957579120985434
diphenylpyraline,GDC-0941,0.04394584547125337
GDC-0941,diphenylpyraline,0.04394584547125337
honokiol,SU-014813,0.043939359210206405
SU-014813,honokiol,0.043939359210206405
senicapoc,toremifene,0.04393661073548844
toremifene,senicapoc,0.04393661073548844
gemifloxacin,MK-2206,0.043920988699558544
MK-2206,gemifloxacin,0.043920988699558544
idebenone,CP-724714,0.04391939401982427
CP-724714,idebenone,0.04391939401982427
diphenylpyraline,NVP-AEW541,0.04389887632208049
NVP-AEW541,diphenylpyraline,0.04389887632208049
cordycepin,toremifene,0.04389541328834747
toremifene,cordycepin,0.04389541328834747
flutamide,tozasertib,0.043894984729305475
tozasertib,flutamide,0.043894984729305475
raloxifene,barasertib,0.043890147307969356
barasertib,raloxifene,0.043890147307969356
ABT-202,sirolimus,0.043886090585521634
sirolimus,ABT-202,0.043886090585521634
gemifloxacin,isoconazole,0.04386613950830406
isoconazole,gemifloxacin,0.04386613950830406
mibampator,esculin,0.04386394003566653
esculin,mibampator,0.04386394003566653
NVP-TAE684,gemifloxacin,0.04385759595356199
gemifloxacin,NVP-TAE684,0.04385759595356199
ganetespib,idebenone,0.04385566056524514
idebenone,ganetespib,0.04385566056524514
CP-724714,AKT-inhibitor-1-2,0.0438402000635227
AKT-inhibitor-1-2,CP-724714,0.0438402000635227
AMG-232,cefoperazone,0.043838428764478056
cefoperazone,AMG-232,0.043838428764478056
mizolastine,SU-014813,0.04383601189127351
SU-014813,mizolastine,0.04383601189127351
LY-2874455,nepafenac,0.0438303415882799
nepafenac,LY-2874455,0.04383034158827989
amuvatinib,sirolimus,0.04381128640016881
sirolimus,amuvatinib,0.04381128640016881
AMG-232,nepafenac,0.04380604768589501
nepafenac,AMG-232,0.04380604768589501
enoxolone,amuvatinib,0.04380297738255587
amuvatinib,enoxolone,0.04380297738255586
gemifloxacin,flutamide,0.04379434322524012
flutamide,gemifloxacin,0.04379434322524012
diphenylpyraline,AMG-232,0.04378114032845113
AMG-232,diphenylpyraline,0.04378114032845113
honokiol,GSK-1059615,0.04377921763398118
GSK-1059615,honokiol,0.04377921763398118
pritelivir,rociletinib,0.043770246805187665
rociletinib,pritelivir,0.043770246805187665
ciprofloxacin,pritelivir,0.0437678097988314
pritelivir,ciprofloxacin,0.0437678097988314
toremifene,lesinurad,0.043764201342097714
lesinurad,toremifene,0.043764201342097714
ganetespib,diphenylpyraline,0.0437616805705923
diphenylpyraline,ganetespib,0.0437616805705923
lesinurad,CP-724714,0.043741322470262765
CP-724714,lesinurad,0.043741322470262765
ganetespib,vincamine,0.0437399725501772
vincamine,ganetespib,0.0437399725501772
NVP-AEW541,clomifene,0.043723187780365644
clomifene,NVP-AEW541,0.043723187780365644
KW-2449,GSK-1059615,0.043714529965507384
GSK-1059615,KW-2449,0.043714529965507384
diphenylpyraline,mibampator,0.043712696952092185
mibampator,diphenylpyraline,0.043712696952092185
senicapoc,actarit,0.04368473184431219
actarit,senicapoc,0.04368473184431219
enoxolone,valdecoxib,0.043683523360260594
valdecoxib,enoxolone,0.043683523360260594
valdecoxib,CP-724714,0.04368122223968626
CP-724714,valdecoxib,0.04368122223968626
cimetidine,sirolimus,0.04367226797674793
sirolimus,cimetidine,0.04367226797674793
cefoperazone,ganetespib,0.04366452301577612
ganetespib,cefoperazone,0.04366452301577612
amoxapine,rociletinib,0.04365623782065124
rociletinib,amoxapine,0.04365623782065124
KW-2478,amoxapine,0.04365201239173296
amoxapine,KW-2478,0.04365201239173296
ciprofloxacin,MK-2206,0.04365141235638926
MK-2206,ciprofloxacin,0.04365141235638926
nefiracetam,ganetespib,0.04364546256137837
ganetespib,nefiracetam,0.04364546256137837
GSK-1059615,isoconazole,0.04363677549630264
isoconazole,GSK-1059615,0.04363677549630264
rociletinib,diphenylpyraline,0.04362332845620443
diphenylpyraline,rociletinib,0.04362332845620443
NVP-TAE684,nefiracetam,0.043618015109137515
nefiracetam,NVP-TAE684,0.043618015109137515
CP-724714,cefoperazone,0.04361400830645973
cefoperazone,CP-724714,0.04361400830645973
amoxapine,honokiol,0.04361075979519825
honokiol,amoxapine,0.04361075979519825
cefoperazone,vincamine,0.04360822739523598
vincamine,cefoperazone,0.04360822739523598
honokiol,mibampator,0.04359133529182397
mibampator,honokiol,0.04359133529182397
drospirenone,amoxapine,0.043591260065958995
amoxapine,drospirenone,0.043591260065958995
amuvatinib,nefiracetam,0.043590866904558115
nefiracetam,amuvatinib,0.043590866904558115
cordycepin,CP-724714,0.04358939911799709
CP-724714,cordycepin,0.04358939911799709
ciprofloxacin,sirolimus,0.043587466445612434
sirolimus,ciprofloxacin,0.043587466445612434
drospirenone,ganetespib,0.043587017632669874
ganetespib,drospirenone,0.043587017632669874
raloxifene,GDC-0941,0.043586457897983134
GDC-0941,raloxifene,0.043586457897983134
mizolastine,clomifene,0.04356903872816698
clomifene,mizolastine,0.04356903872816698
nefiracetam,tozasertib,0.04356690723435648
tozasertib,nefiracetam,0.04356690723435648
amuvatinib,esculin,0.04356530993738203
esculin,amuvatinib,0.04356530993738203
AVN-944,rociletinib,0.04355664536970228
rociletinib,AVN-944,0.04355664536970227
tozasertib,AVN-944,0.043550332559312406
AVN-944,tozasertib,0.043550332559312406
esculin,SU-014813,0.043538364533672054
SU-014813,esculin,0.043538364533672054
clomifene,SU-014813,0.043532142304911856
SU-014813,clomifene,0.043532142304911856
flutamide,CP-724714,0.0435251423276591
CP-724714,flutamide,0.0435251423276591
sirolimus,esculin,0.043517183749389315
esculin,sirolimus,0.043517183749389315
vincamine,AKT-inhibitor-1-2,0.043512742081816255
AKT-inhibitor-1-2,vincamine,0.043512742081816255
MK-2206,barasertib,0.04351168223521521
barasertib,MK-2206,0.04351168223521521
senicapoc,nefiracetam,0.04349521079004109
nefiracetam,senicapoc,0.04349521079004109
cefoperazone,sirolimus,0.043476522041783455
sirolimus,cefoperazone,0.043476522041783455
ciprofloxacin,nefiracetam,0.043452182617160884
nefiracetam,ciprofloxacin,0.043452182617160884
mizolastine,actarit,0.04343848559747239
actarit,mizolastine,0.04343848559747239
KW-2449,KW-2478,0.04343160827344195
KW-2478,KW-2449,0.04343160827344195
mizolastine,drospirenone,0.04342088242577716
drospirenone,mizolastine,0.04342088242577716
MK-2206,diphenylpyraline,0.043408903056632225
diphenylpyraline,MK-2206,0.043408903056632225
isoconazole,actarit,0.04340433097605783
actarit,isoconazole,0.04340433097605783
valdecoxib,idebenone,0.04340082643823236
idebenone,valdecoxib,0.04340082643823236
raloxifene,toremifene,0.04339602100906751
toremifene,raloxifene,0.04339602100906751
barasertib,NVP-TAE684,0.04338995460941643
NVP-TAE684,barasertib,0.04338995460941643
MK-2206,AVN-944,0.04338912964596636
AVN-944,MK-2206,0.04338912964596636
ganetespib,AKT-inhibitor-1-2,0.04338770648090685
AKT-inhibitor-1-2,ganetespib,0.04338770648090685
gemifloxacin,GDC-0941,0.04338747922286805
GDC-0941,gemifloxacin,0.04338747922286805
valdecoxib,isoconazole,0.04338188930805714
isoconazole,valdecoxib,0.04338188930805714
actarit,ciprofloxacin,0.04336070552751601
ciprofloxacin,actarit,0.04336070552751601
ciprofloxacin,LY-2874455,0.04336036322818716
LY-2874455,ciprofloxacin,0.04336036322818716
isoconazole,LCL-161,0.04335122390404694
LCL-161,isoconazole,0.04335122390404694
UK-383367,pritelivir,0.04334957721943196
pritelivir,UK-383367,0.04334957721943196
MK-2206,nefiracetam,0.043334717050200026
nefiracetam,MK-2206,0.043334717050200026
lesinurad,GDC-0941,0.04332949756943869
GDC-0941,lesinurad,0.04332949756943869
gemifloxacin,CP-724714,0.043313886505577784
CP-724714,gemifloxacin,0.043313886505577784
diphenylpyraline,NVP-TAE684,0.04331162397999898
NVP-TAE684,diphenylpyraline,0.04331162397999898
tozasertib,gemifloxacin,0.0433038081469426
gemifloxacin,tozasertib,0.0433038081469426
AMG-232,senicapoc,0.04329918452921012
senicapoc,AMG-232,0.04329918452921012
NVP-AEW541,flutamide,0.04329870723797311
flutamide,NVP-AEW541,0.043298707237973105
tozasertib,raloxifene,0.04327865620881845
raloxifene,tozasertib,0.04327865620881845
NVP-TAE684,cefoperazone,0.043270621141221544
cefoperazone,NVP-TAE684,0.043270621141221544
mizolastine,rociletinib,0.04325543168465653
rociletinib,mizolastine,0.04325543168465653
MK-2206,idebenone,0.04323670691960576
idebenone,MK-2206,0.04323670691960576
flutamide,pritelivir,0.04323500827447601
pritelivir,flutamide,0.04323500827447601
senicapoc,mibampator,0.04322191673944235
mibampator,senicapoc,0.04322191673944235
amuvatinib,ganetespib,0.04318933850119141
ganetespib,amuvatinib,0.04318933850119141
UK-383367,NVP-AEW541,0.0431702642868227
NVP-AEW541,UK-383367,0.0431702642868227
vincamine,diphenylpyraline,0.04314047996983205
diphenylpyraline,vincamine,0.04314047996983205
cimetidine,cefoperazone,0.043124475180003355
cefoperazone,cimetidine,0.043124475180003355
sirolimus,barasertib,0.04311938290499265
barasertib,sirolimus,0.04311938290499265
esculin,toremifene,0.04310519603224563
toremifene,esculin,0.04310519603224563
mizolastine,amoxapine,0.04309735501381725
amoxapine,mizolastine,0.04309735501381725
LY-2874455,clomifene,0.04309715588587729
clomifene,LY-2874455,0.04309715588587729
vincamine,AMG-232,0.043082590999908174
AMG-232,vincamine,0.043082590999908174
clomifene,NVP-TAE684,0.04306236601171661
NVP-TAE684,clomifene,0.04306236601171661
lesinurad,NVP-TAE684,0.04306219304604281
NVP-TAE684,lesinurad,0.04306219304604281
rociletinib,tizanidine,0.043056920651864804
tizanidine,rociletinib,0.043056920651864804
tozasertib,toremifene,0.04305445723318599
toremifene,tozasertib,0.04305445723318599
amuvatinib,amoxapine,0.04305305252378108
amoxapine,amuvatinib,0.04305305252378108
ABT-202,ganetespib,0.04304819361241673
ganetespib,ABT-202,0.04304819361241673
vincamine,ciprofloxacin,0.04303852646052857
ciprofloxacin,vincamine,0.04303852646052856
AKT-inhibitor-1-2,NVP-TAE684,0.04301376827977868
NVP-TAE684,AKT-inhibitor-1-2,0.04301376827977868
lesinurad,NVP-AEW541,0.04301202483430307
NVP-AEW541,lesinurad,0.04301202483430307
SU-014813,toremifene,0.04299969494267006
toremifene,SU-014813,0.04299969494267006
idebenone,ciprofloxacin,0.04298090223829886
ciprofloxacin,idebenone,0.04298090223829886
flutamide,mibampator,0.04297357932822829
mibampator,flutamide,0.04297357932822829
mizolastine,CP-724714,0.042963139290649266
CP-724714,mizolastine,0.042963139290649266
pritelivir,AMG-232,0.04295410491325939
AMG-232,pritelivir,0.04295410491325939
NVP-AEW541,LCL-161,0.04295239945220199
LCL-161,NVP-AEW541,0.04295239945220199
honokiol,rociletinib,0.04294539852442507
rociletinib,honokiol,0.04294539852442507
mibampator,UK-383367,0.04294531627161146
UK-383367,mibampator,0.04294531627161146
amoxapine,SU-014813,0.04294274789110064
SU-014813,amoxapine,0.04294274789110064
mibampator,ABT-202,0.04293884203586582
ABT-202,mibampator,0.04293884203586582
tozasertib,actarit,0.042932215267995226
actarit,tozasertib,0.042932215267995226
lesinurad,KW-2478,0.04293022683831974
KW-2478,lesinurad,0.04293022683831974
valdecoxib,actarit,0.04291477813779151
actarit,valdecoxib,0.04291477813779151
AMG-232,honokiol,0.04290115046969106
honokiol,AMG-232,0.04290115046969106
rociletinib,senicapoc,0.04289310818483479
senicapoc,rociletinib,0.04289310818483479
barasertib,GDC-0941,0.04289217860729837
GDC-0941,barasertib,0.04289217860729837
AKT-inhibitor-1-2,mibampator,0.04288202210274945
mibampator,AKT-inhibitor-1-2,0.04288202210274945
mizolastine,cimetidine,0.04288199892107092
cimetidine,mizolastine,0.04288199892107092
NVP-TAE684,esculin,0.042879163063664315
esculin,NVP-TAE684,0.042879163063664315
clomifene,MK-2206,0.04286912613878249
MK-2206,clomifene,0.04286912613878249
cordycepin,idebenone,0.0428645586106984
idebenone,cordycepin,0.0428645586106984
sirolimus,KW-2478,0.04284890639059855
KW-2478,sirolimus,0.04284890639059855
NVP-AEW541,KW-2478,0.04284823402288315
KW-2478,NVP-AEW541,0.04284823402288315
gemifloxacin,NVP-AEW541,0.042847874667231854
NVP-AEW541,gemifloxacin,0.042847874667231854
KW-2449,mibampator,0.042830309879995546
mibampator,KW-2449,0.042830309879995546
esculin,KW-2478,0.042821210643367566
KW-2478,esculin,0.042821210643367566
enoxolone,ganetespib,0.04281345656493623
ganetespib,enoxolone,0.04281345656493623
cordycepin,sirolimus,0.04281282252488389
sirolimus,cordycepin,0.04281282252488389
cimetidine,CP-724714,0.04279482533510198
CP-724714,cimetidine,0.04279482533510198
gemifloxacin,mibampator,0.04278825648512871
mibampator,gemifloxacin,0.04278825648512871
KW-2478,cordycepin,0.04277877560672421
cordycepin,KW-2478,0.04277877560672421
lesinurad,idebenone,0.04276989407236718
idebenone,lesinurad,0.04276989407236718
ciprofloxacin,barasertib,0.04274629295432228
barasertib,ciprofloxacin,0.04274629295432228
esculin,valdecoxib,0.042735864034295974
valdecoxib,esculin,0.042735864034295974
AMG-232,esculin,0.04273362682030408
esculin,AMG-232,0.04273362682030408
mibampator,idebenone,0.042713282197716564
idebenone,mibampator,0.042713282197716564
AMG-232,raloxifene,0.042710995225232674
raloxifene,AMG-232,0.042710995225232674
tozasertib,valdecoxib,0.042691800857329695
valdecoxib,tozasertib,0.042691800857329695
ganetespib,ciprofloxacin,0.04267688477953166
ciprofloxacin,ganetespib,0.04267688477953166
vincamine,LCL-161,0.0426687597349105
LCL-161,vincamine,0.0426687597349105
senicapoc,valdecoxib,0.04266022426314493
valdecoxib,senicapoc,0.04266022426314493
ABT-202,drospirenone,0.04265329769795304
drospirenone,ABT-202,0.04265329769795304
KW-2478,raloxifene,0.04265137636822106
raloxifene,KW-2478,0.04265137636822106
cimetidine,enoxolone,0.04263927420388947
enoxolone,cimetidine,0.04263927420388947
raloxifene,clomifene,0.04260490228486279
clomifene,raloxifene,0.04260490228486279
idebenone,mizolastine,0.04260324777653387
mizolastine,idebenone,0.04260324777653387
nepafenac,rociletinib,0.04259527838151172
rociletinib,nepafenac,0.04259527838151172
senicapoc,SU-014813,0.04259366221047584
SU-014813,senicapoc,0.04259366221047584
LCL-161,MK-2206,0.04257960600978003
MK-2206,LCL-161,0.04257960600978003
GDC-0941,nefiracetam,0.042570646054951256
nefiracetam,GDC-0941,0.042570646054951256
LCL-161,tozasertib,0.04255514672051231
tozasertib,LCL-161,0.04255514672051231
esculin,rociletinib,0.042536308692459376
rociletinib,esculin,0.042536308692459376
toremifene,ciprofloxacin,0.0425350357013486
ciprofloxacin,toremifene,0.0425350357013486
ciprofloxacin,isoconazole,0.042532643363852055
isoconazole,ciprofloxacin,0.042532643363852055
barasertib,SU-014813,0.04253099839087265
SU-014813,barasertib,0.04253099839087265
pritelivir,gemifloxacin,0.04250729508679559
gemifloxacin,pritelivir,0.04250729508679559
raloxifene,rociletinib,0.042503490469054245
rociletinib,raloxifene,0.042503490469054245
AMG-232,GSK-1059615,0.04249809538226929
GSK-1059615,AMG-232,0.04249809538226929
MK-2206,KW-2478,0.04248926181699239
KW-2478,MK-2206,0.04248926181699239
lesinurad,ganetespib,0.04248839902137882
ganetespib,lesinurad,0.04248839902137882
cordycepin,valdecoxib,0.04248726105017209
valdecoxib,cordycepin,0.04248726105017209
vincamine,senicapoc,0.04248502868808242
senicapoc,vincamine,0.04248502868808242
amuvatinib,CP-724714,0.04247993755266291
CP-724714,amuvatinib,0.04247993755266291
tizanidine,valdecoxib,0.04247221374306668
valdecoxib,tizanidine,0.04247221374306667
cefoperazone,GDC-0941,0.04247019657439297
GDC-0941,cefoperazone,0.04247019657439297
cefoperazone,NVP-AEW541,0.042463633291601015
NVP-AEW541,cefoperazone,0.042463633291601015
LY-2874455,KW-2449,0.04245121649458168
KW-2449,LY-2874455,0.04245121649458168
ganetespib,senicapoc,0.042449038665931
senicapoc,ganetespib,0.042449038665931
ganetespib,raloxifene,0.04244689964377158
raloxifene,ganetespib,0.04244689964377158
SU-014813,ciprofloxacin,0.042433483031568825
ciprofloxacin,SU-014813,0.042433483031568825
honokiol,toremifene,0.042431271345572716
toremifene,honokiol,0.042431271345572716
MK-2206,cimetidine,0.042427900574016596
cimetidine,MK-2206,0.042427900574016596
NVP-AEW541,nefiracetam,0.042426071819841225
nefiracetam,NVP-AEW541,0.042426071819841225
cordycepin,ABT-202,0.04242364895744456
ABT-202,cordycepin,0.04242364895744456
barasertib,toremifene,0.04241954194149677
toremifene,barasertib,0.04241954194149677
esculin,GDC-0941,0.042407653357350666
GDC-0941,esculin,0.042407653357350666
sirolimus,mibampator,0.04239218498665595
mibampator,sirolimus,0.04239218498665595
UK-383367,UK-383367,0.042388954739086694
pritelivir,SU-014813,0.042361080965562854
SU-014813,pritelivir,0.042361080965562854
esculin,vincamine,0.04234357087479678
vincamine,esculin,0.04234357087479678
valdecoxib,diphenylpyraline,0.042340051581493274
diphenylpyraline,valdecoxib,0.042340051581493274
cimetidine,SU-014813,0.042334104992444055
SU-014813,cimetidine,0.042334104992444055
honokiol,senicapoc,0.04233128127328571
senicapoc,honokiol,0.04233128127328571
lesinurad,nefiracetam,0.04233077744941314
nefiracetam,lesinurad,0.04233077744941314
vincamine,cordycepin,0.042325369870996464
cordycepin,vincamine,0.04232536987099646
GDC-0941,idebenone,0.04231784687529687
idebenone,GDC-0941,0.04231784687529687
lesinurad,SU-014813,0.04231717483673401
SU-014813,lesinurad,0.04231717483673401
amuvatinib,AMG-232,0.042292230147947946
AMG-232,amuvatinib,0.042292230147947946
isoconazole,amoxapine,0.042292000057138346
amoxapine,isoconazole,0.042292000057138346
diphenylpyraline,nefiracetam,0.04228441959801039
nefiracetam,diphenylpyraline,0.04228441959801039
tozasertib,clomifene,0.04228310648417883
clomifene,tozasertib,0.04228310648417883
nefiracetam,mizolastine,0.04227899057117718
mizolastine,nefiracetam,0.04227899057117718
ciprofloxacin,tizanidine,0.04227233121989938
tizanidine,ciprofloxacin,0.04227233121989938
SU-014813,LY-2874455,0.04227021482961593
LY-2874455,SU-014813,0.04227021482961593
honokiol,CP-724714,0.04225256506419133
CP-724714,honokiol,0.04225256506419133
LY-2874455,barasertib,0.04224195670904586
barasertib,LY-2874455,0.042241956709045854
KW-2478,GSK-1059615,0.04224117372530823
GSK-1059615,KW-2478,0.04224117372530823
clomifene,barasertib,0.042234508082189544
barasertib,clomifene,0.042234508082189544
vincamine,idebenone,0.04222836993236882
idebenone,vincamine,0.04222836993236882
pritelivir,nefiracetam,0.04222592751024608
nefiracetam,pritelivir,0.04222592751024608
isoconazole,KW-2449,0.042221572340849375
KW-2449,isoconazole,0.042221572340849375
ganetespib,esculin,0.04219561541283893
esculin,ganetespib,0.04219561541283893
LY-2874455,honokiol,0.04219013871307149
honokiol,LY-2874455,0.04219013871307149
cordycepin,amoxapine,0.042182598222089654
amoxapine,cordycepin,0.042182598222089654
enoxolone,cefoperazone,0.04218199998691055
cefoperazone,enoxolone,0.04218199998691055
toremifene,AMG-232,0.042171142638067816
AMG-232,toremifene,0.042171142638067816
mizolastine,AMG-232,0.042166874851760114
AMG-232,mizolastine,0.04216687485176011
NVP-TAE684,enoxolone,0.04216434548272549
enoxolone,NVP-TAE684,0.04216434548272549
enoxolone,CP-724714,0.04215669858850369
CP-724714,enoxolone,0.04215669858850369
idebenone,amuvatinib,0.04215468999528101
amuvatinib,idebenone,0.04215468999528101
MK-2206,cefoperazone,0.042149978977169586
cefoperazone,MK-2206,0.042149978977169586
NVP-TAE684,idebenone,0.042142396143405515
idebenone,NVP-TAE684,0.042142396143405515
tizanidine,drospirenone,0.04213095915761513
drospirenone,tizanidine,0.04213095915761513
LCL-161,pritelivir,0.042123679712505635
pritelivir,LCL-161,0.042123679712505635
mibampator,cordycepin,0.042118918742669584
cordycepin,mibampator,0.042118918742669584
tozasertib,idebenone,0.04208724590497652
idebenone,tozasertib,0.04208724590497652
nefiracetam,actarit,0.042081082485426274
actarit,nefiracetam,0.042081082485426274
enoxolone,ABT-202,0.042067123260616845
ABT-202,enoxolone,0.042067123260616845
toremifene,GDC-0941,0.042064439089491486
GDC-0941,toremifene,0.042064439089491486
LY-2874455,NVP-AEW541,0.04204695391318279
NVP-AEW541,LY-2874455,0.04204695391318279
mibampator,enoxolone,0.04204436240691411
enoxolone,mibampator,0.04204436240691411
pritelivir,ABT-202,0.042042694226607405
ABT-202,pritelivir,0.042042694226607405
MK-2206,lesinurad,0.04204143967717628
lesinurad,MK-2206,0.04204143967717628
LY-2874455,GSK-1059615,0.042025171318610575
GSK-1059615,LY-2874455,0.042025171318610575
tozasertib,esculin,0.04199008546050938
esculin,tozasertib,0.04199008546050938
tozasertib,ciprofloxacin,0.04196954785959135
ciprofloxacin,tozasertib,0.04196954785959135
vincamine,lesinurad,0.04196704158635167
lesinurad,vincamine,0.04196704158635167
cefoperazone,valdecoxib,0.041965876905786736
valdecoxib,cefoperazone,0.041965876905786736
amuvatinib,cordycepin,0.04196014716644441
cordycepin,amuvatinib,0.04196014716644441
isoconazole,AKT-inhibitor-1-2,0.04194224903985205
AKT-inhibitor-1-2,isoconazole,0.04194224903985205
mizolastine,sirolimus,0.04193935782351224
sirolimus,mizolastine,0.04193935782351224
ganetespib,isoconazole,0.04193728495829422
isoconazole,ganetespib,0.04193728495829422
SU-014813,tizanidine,0.04192614572366919
tizanidine,SU-014813,0.04192614572366919
enoxolone,ciprofloxacin,0.041913621148385934
ciprofloxacin,enoxolone,0.041913621148385934
MK-2206,esculin,0.041909982123534
esculin,MK-2206,0.041909982123534
GDC-0941,cimetidine,0.04189193912411294
cimetidine,GDC-0941,0.04189193912411294
diphenylpyraline,enoxolone,0.04188642483807469
enoxolone,diphenylpyraline,0.04188642483807469
valdecoxib,nepafenac,0.0418831093235013
nepafenac,valdecoxib,0.0418831093235013
NVP-TAE684,senicapoc,0.041881775377728955
senicapoc,NVP-TAE684,0.041881775377728955
isoconazole,AMG-232,0.04187815979056267
AMG-232,isoconazole,0.04187815979056267
ganetespib,AMG-232,0.04187291330560358
AMG-232,ganetespib,0.04187291330560358
tizanidine,GSK-1059615,0.041869599138078965
GSK-1059615,tizanidine,0.041869599138078965
idebenone,senicapoc,0.041857559362958936
senicapoc,idebenone,0.04185755936295893
amoxapine,tozasertib,0.04185104737698633
tozasertib,amoxapine,0.04185104737698633
rociletinib,GSK-1059615,0.04184432749877544
GSK-1059615,rociletinib,0.04184432749877543
esculin,honokiol,0.0418368132520476
honokiol,esculin,0.0418368132520476
AKT-inhibitor-1-2,pritelivir,0.04183392160556723
pritelivir,AKT-inhibitor-1-2,0.04183392160556723
ciprofloxacin,cordycepin,0.041828349444576494
cordycepin,ciprofloxacin,0.041828349444576494
cordycepin,senicapoc,0.041821495949834385
senicapoc,cordycepin,0.041821495949834385
sirolimus,KW-2449,0.04181444801842362
KW-2449,sirolimus,0.04181444801842362
cimetidine,mibampator,0.04181346721690316
mibampator,cimetidine,0.04181346721690316
pritelivir,lesinurad,0.04180766175712801
lesinurad,pritelivir,0.04180766175712801
pritelivir,KW-2449,0.04180415696261479
KW-2449,pritelivir,0.04180415696261479
clomifene,GDC-0941,0.04179872775367085
GDC-0941,clomifene,0.04179872775367085
senicapoc,ABT-202,0.041798569318393715
ABT-202,senicapoc,0.041798569318393715
rociletinib,cordycepin,0.04179672961810478
cordycepin,rociletinib,0.04179672961810478
LCL-161,tizanidine,0.04178981156328325
tizanidine,LCL-161,0.04178981156328325
ganetespib,barasertib,0.04178438765183753
barasertib,ganetespib,0.04178438765183753
sirolimus,SU-014813,0.04177366586995884
SU-014813,sirolimus,0.04177366586995884
NVP-AEW541,esculin,0.041769370374484686
esculin,NVP-AEW541,0.041769370374484686
cimetidine,pritelivir,0.04175625934283158
pritelivir,cimetidine,0.04175625934283158
honokiol,ABT-202,0.041754779259972605
ABT-202,honokiol,0.041754779259972605
mizolastine,diphenylpyraline,0.041751541154687224
diphenylpyraline,mizolastine,0.041751541154687224
cimetidine,NVP-TAE684,0.04174716382676732
NVP-TAE684,cimetidine,0.04174716382676732
sirolimus,isoconazole,0.04174389673132595
isoconazole,sirolimus,0.04174389673132595
esculin,barasertib,0.04172787822400709
barasertib,esculin,0.04172787822400709
idebenone,diphenylpyraline,0.04171618277017883
diphenylpyraline,idebenone,0.04171618277017883
GDC-0941,KW-2478,0.041708098825284576
KW-2478,GDC-0941,0.041708098825284576
cefoperazone,lesinurad,0.041687790478127894
lesinurad,cefoperazone,0.041687790478127894
cimetidine,esculin,0.04167617539981005
esculin,cimetidine,0.04167617539981005
tozasertib,diphenylpyraline,0.041670640636867075
diphenylpyraline,tozasertib,0.041670640636867075
sirolimus,LY-2874455,0.04166758925467491
LY-2874455,sirolimus,0.04166758925467491
flutamide,flutamide,0.04165953672292234
ABT-202,NVP-TAE684,0.04164605988819145
NVP-TAE684,ABT-202,0.04164605988819145
cimetidine,senicapoc,0.04163501825966225
senicapoc,cimetidine,0.04163501825966225
enoxolone,honokiol,0.04163229884752964
honokiol,enoxolone,0.04163229884752964
senicapoc,esculin,0.04161962434460553
esculin,senicapoc,0.04161962434460553
GDC-0941,ABT-202,0.04161826243492349
ABT-202,GDC-0941,0.04161826243492349
amoxapine,nepafenac,0.04161815650753241
nepafenac,amoxapine,0.04161815650753241
ganetespib,clomifene,0.04161698662970219
clomifene,ganetespib,0.04161698662970219
actarit,diphenylpyraline,0.041615753461420824
diphenylpyraline,actarit,0.041615753461420824
KW-2478,honokiol,0.04159807558055797
honokiol,KW-2478,0.04159807558055797
lesinurad,mizolastine,0.0415777473845758
mizolastine,lesinurad,0.0415777473845758
SU-014813,AMG-232,0.041557368102658004
AMG-232,SU-014813,0.041557368102658004
pritelivir,idebenone,0.04155572519783914
idebenone,pritelivir,0.04155572519783914
lesinurad,tozasertib,0.041555119561629564
tozasertib,lesinurad,0.041555119561629564
pritelivir,esculin,0.04155092178098112
esculin,pritelivir,0.04155092178098112
AMG-232,cordycepin,0.041543876506511285
cordycepin,AMG-232,0.041543876506511285
KW-2449,ganetespib,0.04153915490913228
ganetespib,KW-2449,0.04153915490913228
sirolimus,rociletinib,0.041529351790335706
rociletinib,sirolimus,0.041529351790335706
rociletinib,KW-2449,0.04152735905060467
KW-2449,rociletinib,0.04152735905060467
honokiol,NVP-TAE684,0.04152476529468658
NVP-TAE684,honokiol,0.04152476529468658
SU-014813,KW-2478,0.04152060958578023
KW-2478,SU-014813,0.04152060958578023
amoxapine,toremifene,0.041499248237850554
toremifene,amoxapine,0.041499248237850554
cordycepin,cimetidine,0.041498956159646404
cimetidine,cordycepin,0.041498956159646404
actarit,esculin,0.041496363280455674
esculin,actarit,0.041496363280455674
isoconazole,rociletinib,0.04149606558762065
rociletinib,isoconazole,0.04149606558762065
SU-014813,nepafenac,0.04148855869924782
nepafenac,SU-014813,0.04148855869924782
ciprofloxacin,nepafenac,0.041473609149799404
nepafenac,ciprofloxacin,0.041473609149799404
MK-2206,ABT-202,0.04147161262887613
ABT-202,MK-2206,0.04147161262887613
vincamine,amuvatinib,0.041463753320913885
amuvatinib,vincamine,0.041463753320913885
cefoperazone,tozasertib,0.041456046593745965
tozasertib,cefoperazone,0.041456046593745965
honokiol,cordycepin,0.04145537451098476
cordycepin,honokiol,0.04145537451098476
nefiracetam,idebenone,0.04145487771397981
idebenone,nefiracetam,0.04145487771397981
tizanidine,amoxapine,0.041449660722785185
amoxapine,tizanidine,0.041449660722785185
nepafenac,drospirenone,0.04144735314664157
drospirenone,nepafenac,0.04144735314664157
lesinurad,cimetidine,0.04144138207619899
cimetidine,lesinurad,0.04144138207619899
ganetespib,GSK-1059615,0.04143673266988401
GSK-1059615,ganetespib,0.04143673266988401
isoconazole,idebenone,0.0414326820956593
idebenone,isoconazole,0.0414326820956593
ABT-202,vincamine,0.04140892719666924
vincamine,ABT-202,0.04140892719666924
ganetespib,honokiol,0.04140745406817848
honokiol,ganetespib,0.04140745406817848
idebenone,cefoperazone,0.04138365628675891
cefoperazone,idebenone,0.04138365628675891
ABT-202,amuvatinib,0.04137733621757075
amuvatinib,ABT-202,0.04137733621757075
tozasertib,GSK-1059615,0.0413716953650073
GSK-1059615,tozasertib,0.0413716953650073
ganetespib,sirolimus,0.04134507684787978
sirolimus,ganetespib,0.04134507684787978
amoxapine,nefiracetam,0.041342770291025975
nefiracetam,amoxapine,0.041342770291025975
KW-2478,ciprofloxacin,0.041337652573098335
ciprofloxacin,KW-2478,0.041337652573098335
isoconazole,esculin,0.04132934931433709
esculin,isoconazole,0.04132934931433709
sirolimus,pritelivir,0.041319548863999904
pritelivir,sirolimus,0.041319548863999904
nefiracetam,isoconazole,0.04130860375715269
isoconazole,nefiracetam,0.04130860375715269
mizolastine,esculin,0.041302992843995114
esculin,mizolastine,0.041302992843995114
SU-014813,isoconazole,0.041300595020263196
isoconazole,SU-014813,0.041300595020263196
sirolimus,honokiol,0.04129555237076956
honokiol,sirolimus,0.04129555237076956
idebenone,actarit,0.041289276760864
actarit,idebenone,0.041289276760864
enoxolone,amoxapine,0.04128714421066588
amoxapine,enoxolone,0.04128714421066588
mibampator,mizolastine,0.04128679198275824
mizolastine,mibampator,0.04128679198275824
SU-014813,NVP-TAE684,0.041276035019669303
NVP-TAE684,SU-014813,0.041276035019669303
mizolastine,senicapoc,0.041270319070653344
senicapoc,mizolastine,0.041270319070653344
GDC-0941,enoxolone,0.04125229351140052
enoxolone,GDC-0941,0.04125229351140052
cimetidine,actarit,0.04124343678225122
actarit,cimetidine,0.04124343678225121
mizolastine,ganetespib,0.0412272017366067
ganetespib,mizolastine,0.0412272017366067
nepafenac,LCL-161,0.041214738568043086
LCL-161,nepafenac,0.041214738568043086
ABT-202,CP-724714,0.04121422844633551
CP-724714,ABT-202,0.04121422844633551
KW-2478,AMG-232,0.041214123545159034
AMG-232,KW-2478,0.041214123545159034
cimetidine,vincamine,0.04121344818898413
vincamine,cimetidine,0.04121344818898413
LY-2874455,rociletinib,0.04120275109181925
rociletinib,LY-2874455,0.04120275109181925
GSK-1059615,nepafenac,0.04119145200634569
nepafenac,GSK-1059615,0.04119145200634569
SU-014813,cordycepin,0.04116445238832487
cordycepin,SU-014813,0.04116445238832487
cordycepin,mizolastine,0.041161601892286376
mizolastine,cordycepin,0.041161601892286376
KW-2478,clomifene,0.04115838401326956
clomifene,KW-2478,0.04115838401326956
senicapoc,tozasertib,0.04114103112577419
tozasertib,senicapoc,0.04114103112577419
senicapoc,MK-2206,0.041132766336494826
MK-2206,senicapoc,0.041132766336494826
diphenylpyraline,senicapoc,0.041129419184704155
senicapoc,diphenylpyraline,0.041129419184704155
NVP-AEW541,honokiol,0.04112452706688236
honokiol,NVP-AEW541,0.04112452706688236
ganetespib,SU-014813,0.04112212093035305
SU-014813,ganetespib,0.04112212093035305
cordycepin,NVP-TAE684,0.041114827980677095
NVP-TAE684,cordycepin,0.041114827980677095
sirolimus,vincamine,0.04111027469612404
vincamine,sirolimus,0.04111027469612404
cefoperazone,senicapoc,0.04109197884998888
senicapoc,cefoperazone,0.04109197884998887
tozasertib,enoxolone,0.04108483435332586
enoxolone,tozasertib,0.04108483435332586
idebenone,enoxolone,0.04108481774303496
enoxolone,idebenone,0.04108481774303496
SU-014813,rociletinib,0.0410648723706384
rociletinib,SU-014813,0.0410648723706384
MK-2206,enoxolone,0.041059316332816904
enoxolone,MK-2206,0.041059316332816904
amuvatinib,NVP-TAE684,0.04105705531541239
NVP-TAE684,amuvatinib,0.04105705531541239
AKT-inhibitor-1-2,AKT-inhibitor-1-2,0.04104557032662294
NVP-TAE684,CP-724714,0.04104506774037593
CP-724714,NVP-TAE684,0.04104506774037593
ciprofloxacin,mizolastine,0.04102369933516443
mizolastine,ciprofloxacin,0.04102369933516442
LY-2874455,tozasertib,0.04099387017860001
tozasertib,LY-2874455,0.04099387017860001
lesinurad,honokiol,0.040982905182646724
honokiol,lesinurad,0.040982905182646724
NVP-AEW541,ABT-202,0.040981085982663555
ABT-202,NVP-AEW541,0.040981085982663555
NVP-AEW541,idebenone,0.04097657840648721
idebenone,NVP-AEW541,0.04097657840648721
sirolimus,AMG-232,0.040976018950150433
AMG-232,sirolimus,0.040976018950150433
nefiracetam,cordycepin,0.04095158756801235
cordycepin,nefiracetam,0.04095158756801235
cimetidine,NVP-AEW541,0.040949540822508144
NVP-AEW541,cimetidine,0.040949540822508144
tozasertib,mizolastine,0.040946175794738165
mizolastine,tozasertib,0.040946175794738165
esculin,cordycepin,0.04092953999462544
cordycepin,esculin,0.04092953999462544
mizolastine,NVP-TAE684,0.040919587646786555
NVP-TAE684,mizolastine,0.040919587646786555
LY-2874455,AMG-232,0.040887873050934984
AMG-232,LY-2874455,0.040887873050934984
MK-2206,cordycepin,0.040866704568088955
cordycepin,MK-2206,0.040866704568088955
ABT-202,ciprofloxacin,0.04086509373741951
ciprofloxacin,ABT-202,0.04086509373741951
enoxolone,NVP-AEW541,0.04085841322648832
NVP-AEW541,enoxolone,0.04085841322648832
honokiol,tizanidine,0.04085819350780996
tizanidine,honokiol,0.04085819350780996
MK-2206,LY-2874455,0.040858073895523324
LY-2874455,MK-2206,0.040858073895523324
tizanidine,lesinurad,0.04084978440190345
lesinurad,tizanidine,0.04084978440190345
AMG-232,clomifene,0.040840169964873184
clomifene,AMG-232,0.040840169964873184
isoconazole,honokiol,0.04083330066541485
honokiol,isoconazole,0.04083330066541485
NVP-TAE684,KW-2478,0.040820899715255286
KW-2478,NVP-TAE684,0.040820899715255286
nepafenac,lesinurad,0.040817230249316175
lesinurad,nepafenac,0.040817230249316175
GDC-0941,senicapoc,0.04081385211139636
senicapoc,GDC-0941,0.04081385211139636
nefiracetam,ABT-202,0.04081346811684286
ABT-202,nefiracetam,0.04081346811684286
senicapoc,NVP-AEW541,0.04080737617070857
NVP-AEW541,senicapoc,0.04080737617070857
valdecoxib,cimetidine,0.04080165237246107
cimetidine,valdecoxib,0.04080165237246107
tozasertib,AKT-inhibitor-1-2,0.04079057329448046
AKT-inhibitor-1-2,tozasertib,0.04079057329448046
actarit,cefoperazone,0.040788062048886256
cefoperazone,actarit,0.040788062048886256
lesinurad,valdecoxib,0.040780991242883015
valdecoxib,lesinurad,0.040780991242883015
GDC-0941,honokiol,0.040769955984444675
honokiol,GDC-0941,0.040769955984444675
SU-014813,MK-2206,0.04076580730112773
MK-2206,SU-014813,0.04076580730112773
enoxolone,esculin,0.04076570200437497
esculin,enoxolone,0.04076570200437497
diphenylpyraline,pritelivir,0.040728267478542995
pritelivir,diphenylpyraline,0.04072826747854298
tizanidine,sirolimus,0.0407257503904997
sirolimus,tizanidine,0.0407257503904997
mizolastine,ABT-202,0.040708305291012464
ABT-202,mizolastine,0.040708305291012464
gemifloxacin,gemifloxacin,0.040673901273341646
ganetespib,toremifene,0.04064995550980064
toremifene,ganetespib,0.04064995550980064
MK-2206,ganetespib,0.04064819634261703
ganetespib,MK-2206,0.04064819634261703
tizanidine,KW-2449,0.04064719826510742
KW-2449,tizanidine,0.04064719826510742
cimetidine,amuvatinib,0.04062760412915164
amuvatinib,cimetidine,0.04062760412915164
cimetidine,diphenylpyraline,0.04061906377426544
diphenylpyraline,cimetidine,0.04061906377426544
amuvatinib,MK-2206,0.04061219293682413
MK-2206,amuvatinib,0.04061219293682413
ciprofloxacin,esculin,0.0406002051893308
esculin,ciprofloxacin,0.0406002051893308
lesinurad,ABT-202,0.040596305558725176
ABT-202,lesinurad,0.040596305558725176
ganetespib,LY-2874455,0.040594640775897514
LY-2874455,ganetespib,0.040594640775897514
mibampator,amuvatinib,0.040578670521845134
amuvatinib,mibampator,0.040578670521845134
honokiol,mizolastine,0.04057269699973022
mizolastine,honokiol,0.04057269699973022
GDC-0941,LY-2874455,0.04055260293430183
LY-2874455,GDC-0941,0.04055260293430183
amoxapine,actarit,0.04055251552622209
actarit,amoxapine,0.04055251552622209
esculin,nefiracetam,0.040546460488739625
nefiracetam,esculin,0.04054646048873962
isoconazole,amuvatinib,0.0405321682266424
amuvatinib,isoconazole,0.04053216822664239
cimetidine,tozasertib,0.04052282569870639
tozasertib,cimetidine,0.04052282569870639
vincamine,CP-724714,0.040517565528536595
CP-724714,vincamine,0.040517565528536595
pritelivir,amuvatinib,0.040516624688066216
amuvatinib,pritelivir,0.040516624688066216
NVP-AEW541,SU-014813,0.040502656748085036
SU-014813,NVP-AEW541,0.040502656748085036
isoconazole,lesinurad,0.04049521847834484
lesinurad,isoconazole,0.04049521847834484
cordycepin,GDC-0941,0.04048203494160557
GDC-0941,cordycepin,0.04048203494160557
cordycepin,enoxolone,0.04047204331809975
enoxolone,cordycepin,0.04047204331809975
GDC-0941,AKT-inhibitor-1-2,0.040460847961579643
AKT-inhibitor-1-2,GDC-0941,0.040460847961579643
mibampator,NVP-TAE684,0.04045632574423209
NVP-TAE684,mibampator,0.04045632574423209
tizanidine,actarit,0.04045506982093847
actarit,tizanidine,0.04045506982093847
NVP-TAE684,rociletinib,0.04045300365786164
rociletinib,NVP-TAE684,0.04045300365786164
tozasertib,KW-2478,0.040447976282630194
KW-2478,tozasertib,0.040447976282630194
nepafenac,actarit,0.04044060226869109
actarit,nepafenac,0.04044060226869109
toremifene,clomifene,0.04043887076399936
clomifene,toremifene,0.04043887076399936
tozasertib,ABT-202,0.040429513497227815
ABT-202,tozasertib,0.040429513497227815
ABT-202,cimetidine,0.04042706347734377
cimetidine,ABT-202,0.04042706347734377
nepafenac,KW-2449,0.04041783091166492
KW-2449,nepafenac,0.04041783091166492
tozasertib,honokiol,0.040412179220117056
honokiol,tozasertib,0.040412179220117056
AMG-232,AVN-944,0.040397796087508694
AVN-944,AMG-232,0.040397796087508694
cimetidine,isoconazole,0.040377090721640224
isoconazole,cimetidine,0.040377090721640224
enoxolone,senicapoc,0.04037436068221837
senicapoc,enoxolone,0.04037436068221837
ganetespib,cordycepin,0.04037148141050792
cordycepin,ganetespib,0.04037148141050792
idebenone,ABT-202,0.04035803470332184
ABT-202,idebenone,0.04035803470332184
nefiracetam,nepafenac,0.040342567791876595
nepafenac,nefiracetam,0.040342567791876595
cordycepin,diphenylpyraline,0.040335847779795146
diphenylpyraline,cordycepin,0.040335847779795146
enoxolone,mizolastine,0.040317494006094745
mizolastine,enoxolone,0.040317494006094745
GSK-1059615,NVP-TAE684,0.04030016830635383
NVP-TAE684,GSK-1059615,0.04030016830635383
KW-2478,barasertib,0.04029644257354797
barasertib,KW-2478,0.04029644257354797
ciprofloxacin,senicapoc,0.0402838040612666
senicapoc,ciprofloxacin,0.0402838040612666
ABT-202,esculin,0.040278523736365576
esculin,ABT-202,0.040278523736365576
honokiol,vincamine,0.040243011809257094
vincamine,honokiol,0.040243011809257094
diphenylpyraline,tizanidine,0.04024192879220191
tizanidine,diphenylpyraline,0.04024192879220191
SU-014813,GDC-0941,0.04023229971044411
GDC-0941,SU-014813,0.04023229971044411
diphenylpyraline,nepafenac,0.04023131582963729
nepafenac,diphenylpyraline,0.04023131582963729
rociletinib,toremifene,0.04021924847461718
toremifene,rociletinib,0.04021924847461718
cordycepin,cefoperazone,0.040212452826460784
cefoperazone,cordycepin,0.040212452826460784
ganetespib,NVP-AEW541,0.0402084296553773
NVP-AEW541,ganetespib,0.0402084296553773
diphenylpyraline,esculin,0.040202540844559514
esculin,diphenylpyraline,0.040202540844559514
ABT-202,diphenylpyraline,0.04019147142235911
diphenylpyraline,ABT-202,0.04019147142235911
esculin,idebenone,0.04017987332033016
idebenone,esculin,0.04017987332033016
NVP-TAE684,LY-2874455,0.04016411820491604
LY-2874455,NVP-TAE684,0.04016411820491604
AMG-232,NVP-TAE684,0.040153877569096434
NVP-TAE684,AMG-232,0.040153877569096434
cefoperazone,honokiol,0.04015332241218188
honokiol,cefoperazone,0.04015332241218188
tizanidine,cefoperazone,0.040142161359152106
cefoperazone,tizanidine,0.040142161359152106
isoconazole,mibampator,0.0401381495544246
mibampator,isoconazole,0.0401381495544246
sirolimus,nepafenac,0.04010315330496165
nepafenac,sirolimus,0.04010315330496165
CP-724714,mibampator,0.040096533849076105
mibampator,CP-724714,0.040096533849076105
amoxapine,idebenone,0.040043272241394985
idebenone,amoxapine,0.04004327224139497
diphenylpyraline,isoconazole,0.04002663108066209
isoconazole,diphenylpyraline,0.04002663108066209
CP-724714,GDC-0941,0.040024016041919123
GDC-0941,CP-724714,0.040024016041919123
nefiracetam,cefoperazone,0.040009865720616225
cefoperazone,nefiracetam,0.040009865720616225
ciprofloxacin,honokiol,0.0399782340748275
honokiol,ciprofloxacin,0.0399782340748275
NVP-AEW541,AMG-232,0.03996714689316347
AMG-232,NVP-AEW541,0.03996714689316347
amuvatinib,GDC-0941,0.039966333173445334
GDC-0941,amuvatinib,0.039966333173445334
mibampator,MK-2206,0.03995854373026817
MK-2206,mibampator,0.03995854373026817
tizanidine,cordycepin,0.03995543951414197
cordycepin,tizanidine,0.03995543951414197
esculin,tizanidine,0.03995512947761656
tizanidine,esculin,0.03995512947761656
pritelivir,cordycepin,0.039953730414321945
cordycepin,pritelivir,0.039953730414321945
nefiracetam,tizanidine,0.039940068480074455
tizanidine,nefiracetam,0.039940068480074455
raloxifene,raloxifene,0.03992560848662714
MK-2206,CP-724714,0.03989936642792634
CP-724714,MK-2206,0.03989936642792634
esculin,nepafenac,0.03988098395093303
nepafenac,esculin,0.03988098395093303
NVP-TAE684,sirolimus,0.03987475102396507
sirolimus,NVP-TAE684,0.03987475102396507
enoxolone,vincamine,0.03985758887024269
vincamine,enoxolone,0.03985758887024269
tizanidine,senicapoc,0.03985434608531912
senicapoc,tizanidine,0.03985434608531912
mizolastine,vincamine,0.03985309589179101
vincamine,mizolastine,0.03985309589179101
vincamine,NVP-TAE684,0.03984743368900557
NVP-TAE684,vincamine,0.03984743368900557
KW-2449,AMG-232,0.03982223388574539
AMG-232,KW-2449,0.03982223388574539
cordycepin,NVP-AEW541,0.039810685950143095
NVP-AEW541,cordycepin,0.039810685950143095
tizanidine,gemifloxacin,0.03976446913141514
gemifloxacin,tizanidine,0.03976446913141514
nepafenac,honokiol,0.039764191349539645
honokiol,nepafenac,0.039764191349539645
KW-2478,LY-2874455,0.039757948026646686
LY-2874455,KW-2478,0.03975794802664667
isoconazole,cefoperazone,0.03972907237579696
cefoperazone,isoconazole,0.03972907237579695
nepafenac,gemifloxacin,0.03968809465474199
gemifloxacin,nepafenac,0.03968809465474199
senicapoc,nepafenac,0.03968074632221938
nepafenac,senicapoc,0.03968074632221938
CP-724714,isoconazole,0.03968047030979847
isoconazole,CP-724714,0.03968047030979847
idebenone,cimetidine,0.03966264868233736
cimetidine,idebenone,0.03966264868233736
AKT-inhibitor-1-2,tizanidine,0.03965781945704821
tizanidine,AKT-inhibitor-1-2,0.03965781945704821
toremifene,KW-2478,0.039643912696439146
KW-2478,toremifene,0.039643912696439146
lesinurad,esculin,0.03963094695508368
esculin,lesinurad,0.03963094695508368
SU-014813,tozasertib,0.03962691735049699
tozasertib,SU-014813,0.03962691735049699
enoxolone,pritelivir,0.039620738291062434
pritelivir,enoxolone,0.03962073829106243
cimetidine,tizanidine,0.039614964799536356
tizanidine,cimetidine,0.039614964799536356
AVN-944,AVN-944,0.03961161711384294
tozasertib,mibampator,0.03959981643171177
mibampator,tozasertib,0.03959981643171177
senicapoc,amoxapine,0.03959786539041273
amoxapine,senicapoc,0.03959786539041273
rociletinib,NVP-AEW541,0.039591427644089544
NVP-AEW541,rociletinib,0.039591427644089544
tizanidine,flutamide,0.03956331892200419
flutamide,tizanidine,0.03956331892200419
senicapoc,pritelivir,0.03955329799537549
pritelivir,senicapoc,0.039553297995375485
cefoperazone,amoxapine,0.03953323817904861
amoxapine,cefoperazone,0.03953323817904861
nepafenac,cefoperazone,0.03953051547534289
cefoperazone,nepafenac,0.03953051547534289
senicapoc,isoconazole,0.03951287019375982
isoconazole,senicapoc,0.03951287019375982
mizolastine,MK-2206,0.03951258194226332
MK-2206,mizolastine,0.03951258194226332
vincamine,tozasertib,0.03950736691615255
tozasertib,vincamine,0.03950736691615255
rociletinib,KW-2478,0.03948212555643772
KW-2478,rociletinib,0.03948212555643772
tozasertib,cordycepin,0.03947753029979478
cordycepin,tozasertib,0.03947753029979478
amoxapine,cimetidine,0.03946401576212975
cimetidine,amoxapine,0.03946401576212975
ciprofloxacin,diphenylpyraline,0.0394514748635714
diphenylpyraline,ciprofloxacin,0.0394514748635714
rociletinib,ganetespib,0.03945037864721236
ganetespib,rociletinib,0.03945037864721236
ABT-202,isoconazole,0.03944717486343609
isoconazole,ABT-202,0.03944717486343609
MK-2206,AMG-232,0.03942497966947526
AMG-232,MK-2206,0.03942497966947526
cimetidine,nepafenac,0.03942174365021241
nepafenac,cimetidine,0.03942174365021241
pritelivir,mizolastine,0.039418503370534694
mizolastine,pritelivir,0.039418503370534694
nepafenac,cordycepin,0.03939567360811508
cordycepin,nepafenac,0.03939567360811508
isoconazole,cordycepin,0.039386014202452434
cordycepin,isoconazole,0.039386014202452434
clomifene,rociletinib,0.03937517591199603
rociletinib,clomifene,0.03937517591199603
cimetidine,ciprofloxacin,0.039370998972578244
ciprofloxacin,cimetidine,0.039370998972578244
cordycepin,lesinurad,0.03936576112711308
lesinurad,cordycepin,0.03936576112711308
cefoperazone,diphenylpyraline,0.03934553217968531
diphenylpyraline,cefoperazone,0.03934553217968531
flutamide,nepafenac,0.039341170570166235
nepafenac,flutamide,0.039341170570166235
MK-2206,AKT-inhibitor-1-2,0.03934109474962027
AKT-inhibitor-1-2,MK-2206,0.03934109474962027
mizolastine,NVP-AEW541,0.03933718297239858
NVP-AEW541,mizolastine,0.03933718297239858
isoconazole,vincamine,0.039336167031011185
vincamine,isoconazole,0.039336167031011185
amoxapine,esculin,0.03931901667964089
esculin,amoxapine,0.03931901667964089
cefoperazone,ciprofloxacin,0.03931646831890523
ciprofloxacin,cefoperazone,0.03931646831890523
NVP-TAE684,KW-2449,0.039315638083828944
KW-2449,NVP-TAE684,0.039315638083828944
enoxolone,isoconazole,0.03931462376004248
isoconazole,enoxolone,0.03931462376004248
ganetespib,tozasertib,0.039307345013042304
tozasertib,ganetespib,0.039307345013042304
mibampator,GDC-0941,0.03929412883419998
GDC-0941,mibampator,0.03929412883419998
nepafenac,AKT-inhibitor-1-2,0.039286753070263775
AKT-inhibitor-1-2,nepafenac,0.039286753070263775
honokiol,pritelivir,0.03928399254103646
pritelivir,honokiol,0.03928399254103646
mizolastine,GDC-0941,0.039283985597226026
GDC-0941,mizolastine,0.039283985597226026
sirolimus,tozasertib,0.03926190236166148
tozasertib,sirolimus,0.03926190236166148
cefoperazone,ABT-202,0.03923643150453057
ABT-202,cefoperazone,0.03923643150453057
mibampator,vincamine,0.03923613863660288
vincamine,mibampator,0.03923613863660288
tizanidine,enoxolone,0.03922536643649818
enoxolone,tizanidine,0.03922536643649818
mizolastine,cefoperazone,0.039220608055002534
cefoperazone,mizolastine,0.039220608055002534
tizanidine,idebenone,0.03920551378585211
idebenone,tizanidine,0.03920551378585211
barasertib,rociletinib,0.0391791530505746
rociletinib,barasertib,0.0391791530505746
GDC-0941,ganetespib,0.03916261706645395
ganetespib,GDC-0941,0.03916261706645395
AMG-232,GDC-0941,0.0391403110701871
GDC-0941,AMG-232,0.0391403110701871
tizanidine,UK-383367,0.039138567404719084
UK-383367,tizanidine,0.039138567404719084
amoxapine,valdecoxib,0.03913834985590533
valdecoxib,amoxapine,0.03913834985590533
cefoperazone,pritelivir,0.039130952315977116
pritelivir,cefoperazone,0.039130952315977116
idebenone,nepafenac,0.03912874881216562
nepafenac,idebenone,0.03912874881216561
NVP-AEW541,amuvatinib,0.0391270084129275
amuvatinib,NVP-AEW541,0.0391270084129275
ganetespib,NVP-TAE684,0.03911889466068523
NVP-TAE684,ganetespib,0.03911889466068523
AMG-232,barasertib,0.03909335782190634
barasertib,AMG-232,0.03909335782190634
UK-383367,nepafenac,0.039090144794567155
nepafenac,UK-383367,0.039090144794567155
GSK-1059615,sirolimus,0.03907895913931861
sirolimus,GSK-1059615,0.039078959139318595
diphenylpyraline,lesinurad,0.03903406366392294
lesinurad,diphenylpyraline,0.03903406366392294
ABT-202,actarit,0.0390129254620202
actarit,ABT-202,0.0390129254620202
ciprofloxacin,valdecoxib,0.03901120521394572
valdecoxib,ciprofloxacin,0.03901120521394572
lesinurad,senicapoc,0.03899423818186282
senicapoc,lesinurad,0.03899423818186282
enoxolone,nepafenac,0.03897538424334526
nepafenac,enoxolone,0.038975384243345255
isoconazole,NVP-TAE684,0.03895490677149176
NVP-TAE684,isoconazole,0.03895490677149176
KW-2449,MK-2206,0.038940309132335565
MK-2206,KW-2449,0.038940309132335565
NVP-AEW541,AKT-inhibitor-1-2,0.03894010011421018
AKT-inhibitor-1-2,NVP-AEW541,0.03894010011421018
vincamine,tizanidine,0.038936590573265276
tizanidine,vincamine,0.038936590573265276
GDC-0941,vincamine,0.03893235692719563
vincamine,GDC-0941,0.03893235692719563
isoconazole,mizolastine,0.03892720274653592
mizolastine,isoconazole,0.03892720274653592
MK-2206,rociletinib,0.038906505192788335
rociletinib,MK-2206,0.038906505192788335
honokiol,MK-2206,0.03889963197105191
MK-2206,honokiol,0.03889963197105191
amoxapine,ABT-202,0.038894851396591754
ABT-202,amoxapine,0.038894851396591754
esculin,cefoperazone,0.03883805586371601
cefoperazone,esculin,0.03883805586371601
GDC-0941,KW-2449,0.03880823014811862
KW-2449,GDC-0941,0.03880823014811862
tizanidine,ABT-202,0.038799480055537176
ABT-202,tizanidine,0.038799480055537176
tozasertib,barasertib,0.03879936013452082
barasertib,tozasertib,0.03879936013452082
mibampator,pritelivir,0.038796238274433424
pritelivir,mibampator,0.038796238274433424
NVP-AEW541,KW-2449,0.03879418799738367
KW-2449,NVP-AEW541,0.03879418799738367
pritelivir,CP-724714,0.038769455719087256
CP-724714,pritelivir,0.038769455719087256
amuvatinib,tozasertib,0.038737239572768714
tozasertib,amuvatinib,0.038737239572768714
tozasertib,KW-2449,0.03873522950790319
KW-2449,tozasertib,0.03873522950790319
tizanidine,mizolastine,0.038717849289610355
mizolastine,tizanidine,0.038717849289610355
amuvatinib,tizanidine,0.03870246978902784
tizanidine,amuvatinib,0.03870246978902784
NVP-AEW541,mibampator,0.0386850110164304
mibampator,NVP-AEW541,0.0386850110164304
NVP-AEW541,GSK-1059615,0.03864714721673529
GSK-1059615,NVP-AEW541,0.03864714721673529
CP-724714,NVP-AEW541,0.03862924819285642
NVP-AEW541,CP-724714,0.03862924819285642
tozasertib,CP-724714,0.03858428342712702
CP-724714,tozasertib,0.03858428342712702
LCL-161,LCL-161,0.038582711436894145
vincamine,MK-2206,0.038510739942631676
MK-2206,vincamine,0.038510739942631676
amoxapine,diphenylpyraline,0.038469738226323796
diphenylpyraline,amoxapine,0.038469738226323796
tizanidine,MK-2206,0.038450427612475024
MK-2206,tizanidine,0.038450427612475024
pritelivir,vincamine,0.038448821036420826
vincamine,pritelivir,0.038448821036420826
isoconazole,GDC-0941,0.0384333290865209
GDC-0941,isoconazole,0.0384333290865209
tozasertib,isoconazole,0.038398185196703405
isoconazole,tozasertib,0.038398185196703405
nepafenac,amuvatinib,0.038379545508278504
amuvatinib,nepafenac,0.038379545508278504
vincamine,nepafenac,0.038378683384665824
nepafenac,vincamine,0.038378683384665824
ABT-202,nepafenac,0.03835683745116711
nepafenac,ABT-202,0.03835683745116711
NVP-TAE684,tizanidine,0.03831200331173381
tizanidine,NVP-TAE684,0.03831200331173381
GDC-0941,rociletinib,0.03830533323264777
rociletinib,GDC-0941,0.03830533323264777
nepafenac,mizolastine,0.038278038422732925
mizolastine,nepafenac,0.038278038422732925
AMG-232,rociletinib,0.03820916630117244
rociletinib,AMG-232,0.03820916630117244
ABT-202,valdecoxib,0.03813395750947351
valdecoxib,ABT-202,0.03813395750947351
MK-2206,isoconazole,0.038093165539000065
isoconazole,MK-2206,0.038093165539000065
rociletinib,tozasertib,0.0380195898679945
tozasertib,rociletinib,0.0380195898679945
NVP-AEW541,sirolimus,0.03800965420750804
sirolimus,NVP-AEW541,0.03800965420750804
amoxapine,lesinurad,0.038007621838139535
lesinurad,amoxapine,0.03800762183813953
tizanidine,GDC-0941,0.03797657545983817
GDC-0941,tizanidine,0.03797657545983817
tozasertib,tizanidine,0.0379741535461878
tizanidine,tozasertib,0.0379741535461878
tizanidine,isoconazole,0.037959596183886814
isoconazole,tizanidine,0.037959596183886814
NVP-TAE684,pritelivir,0.037951929106646506
pritelivir,NVP-TAE684,0.037951929106646506
MK-2206,nepafenac,0.03793564669906698
nepafenac,MK-2206,0.03793564669906698
KW-2449,KW-2449,0.03793273170307448
tizanidine,mibampator,0.03791150142895877
mibampator,tizanidine,0.03791150142895877
nepafenac,NVP-TAE684,0.037881305056442265
NVP-TAE684,nepafenac,0.037881305056442265
drospirenone,drospirenone,0.03785918353286006
GDC-0941,GSK-1059615,0.037833736105454985
GSK-1059615,GDC-0941,0.037833736105454985
NVP-AEW541,vincamine,0.037733320892939806
vincamine,NVP-AEW541,0.037733320892939806
GDC-0941,pritelivir,0.03771958079618612
pritelivir,GDC-0941,0.03771958079618612
isoconazole,nepafenac,0.037695922194811854
nepafenac,isoconazole,0.037695922194811854
NVP-AEW541,tizanidine,0.03768489110257829
tizanidine,NVP-AEW541,0.03768489110257829
tozasertib,pritelivir,0.03764929774536203
pritelivir,tozasertib,0.03764929774536203
tizanidine,CP-724714,0.0376146570113999
CP-724714,tizanidine,0.0376146570113999
lesinurad,ciprofloxacin,0.03758477801772784
ciprofloxacin,lesinurad,0.03758477801772784
nepafenac,mibampator,0.03753578014008812
mibampator,nepafenac,0.03753578014008812
NVP-AEW541,isoconazole,0.03751757576109292
isoconazole,NVP-AEW541,0.03751757576109292
pritelivir,tizanidine,0.03746227225555509
tizanidine,pritelivir,0.03746227225555509
nepafenac,GDC-0941,0.03742962956468164
GDC-0941,nepafenac,0.03742962956468164
nepafenac,tozasertib,0.03736677680697583
tozasertib,nepafenac,0.03736677680697583
pritelivir,MK-2206,0.03734284009468734
MK-2206,pritelivir,0.03734284009468734
enoxolone,lesinurad,0.037341251534058366
lesinurad,enoxolone,0.037341251534058366
ciprofloxacin,amoxapine,0.03731679399157019
amoxapine,ciprofloxacin,0.03731679399157019
isoconazole,pritelivir,0.03726082197313844
pritelivir,isoconazole,0.03726082197313844
nepafenac,CP-724714,0.03723386216847735
CP-724714,nepafenac,0.03723386216847735
pritelivir,nepafenac,0.03713343938990122
nepafenac,pritelivir,0.03713343938990122
nepafenac,NVP-AEW541,0.037076705782789994
NVP-AEW541,nepafenac,0.037076705782789994
AMG-232,tozasertib,0.037075777467398506
tozasertib,AMG-232,0.037075777467398506
MK-2206,sirolimus,0.03702744413502813
sirolimus,MK-2206,0.03702744413502813
GSK-1059615,MK-2206,0.03695648470855887
MK-2206,GSK-1059615,0.03695648470855887
sirolimus,GDC-0941,0.036744209781878714
GDC-0941,sirolimus,0.036744209781878714
pritelivir,NVP-AEW541,0.03673763865574062
NVP-AEW541,pritelivir,0.03673763865574062
NVP-TAE684,MK-2206,0.036624422681414484
MK-2206,NVP-TAE684,0.036624422681414484
CP-724714,CP-724714,0.03630799145820211
GSK-1059615,GSK-1059615,0.03619332287512535
NVP-TAE684,tozasertib,0.03601442691072087
tozasertib,NVP-TAE684,0.03601442691072087
actarit,actarit,0.035933927286922115
mibampator,mibampator,0.03575520577587551
ganetespib,KW-2478,0.03569002373804777
KW-2478,ganetespib,0.03569002373804777
MK-2206,tozasertib,0.03560461958670812
tozasertib,MK-2206,0.03560461958670812
amuvatinib,amuvatinib,0.03559779338779358
tizanidine,nepafenac,0.03557913394620489
nepafenac,tizanidine,0.03557913394620489
clomifene,clomifene,0.03557641750275738
tozasertib,NVP-AEW541,0.03553259360853929
NVP-AEW541,tozasertib,0.03553259360853928
GDC-0941,tozasertib,0.03531756137075876
tozasertib,GDC-0941,0.03531756137075876
NVP-TAE684,GDC-0941,0.034725639265289134
GDC-0941,NVP-TAE684,0.034725639265289134
NVP-AEW541,NVP-TAE684,0.0346802767831132
NVP-TAE684,NVP-AEW541,0.0346802767831132
tizanidine,tizanidine,0.034576805285984016
MK-2206,GDC-0941,0.034429494442454495
GDC-0941,MK-2206,0.034429494442454495
toremifene,toremifene,0.03439314993466229
nefiracetam,nefiracetam,0.034342973987532686
barasertib,barasertib,0.03429884344784046
LY-2874455,LY-2874455,0.03428126921001804
nepafenac,nepafenac,0.034269030464618745
NVP-AEW541,MK-2206,0.034234625611067236
MK-2206,NVP-AEW541,0.034234625611067236
valdecoxib,valdecoxib,0.03413240347101791
idebenone,idebenone,0.0339852442893792
ganetespib,ganetespib,0.03387139569019532
SU-014813,SU-014813,0.03368440929123357
AMG-232,AMG-232,0.033558058607777747
sirolimus,sirolimus,0.033556007928262854
NVP-AEW541,GDC-0941,0.03334657937852996
GDC-0941,NVP-AEW541,0.03334657937852995
enoxolone,enoxolone,0.03304427527299881
vincamine,vincamine,0.03271321757820188
cimetidine,cimetidine,0.032591202300676116
senicapoc,senicapoc,0.03229316395593985
KW-2478,KW-2478,0.032196171409108805
ABT-202,ABT-202,0.03214557398228643
rociletinib,rociletinib,0.03209822883024755
mizolastine,mizolastine,0.031716223703303584
GDC-0941,GDC-0941,0.031661312257736905
NVP-AEW541,NVP-AEW541,0.031412468820825816
pritelivir,pritelivir,0.03132137089594345
cordycepin,cordycepin,0.031232662789432958
amoxapine,amoxapine,0.031121750037517187
MK-2206,MK-2206,0.031071157514140867
cefoperazone,cefoperazone,0.031053006826025728
diphenylpyraline,diphenylpyraline,0.030967462841559008
NVP-TAE684,NVP-TAE684,0.030783104848824183
esculin,esculin,0.030733528997585934
tozasertib,tozasertib,0.030652648963728615
isoconazole,isoconazole,0.03064442505333797
lesinurad,lesinurad,0.030631959582190366
honokiol,honokiol,0.03040358617719199
ciprofloxacin,ciprofloxacin,0.029668041316430905
